,OverallQual,YearBuilt,YearRemodAdd,ExterQual,BsmtQual,TotalBsmtSF,1stFlrSF,GrLivArea,FullBath,KitchenQual,TotRmsAbvGrd,GarageCars,GarageArea,Y
0,7,2003,2003,2,2,856.0,856,1710,2,2,8,2.0,548.0,208500
1,6,1976,1976,3,2,1262.0,1262,1262,2,3,6,2.0,460.0,181500
2,7,2001,2002,2,2,920.0,920,1786,2,2,6,2.0,608.0,223500
3,7,1915,1970,3,4,756.0,961,1717,1,2,7,3.0,642.0,140000
4,8,2000,2000,2,2,1145.0,1145,2198,2,2,9,3.0,836.0,250000
5,5,1993,1995,3,2,796.0,796,1362,1,3,5,2.0,480.0,143000
6,8,2004,2005,2,0,1686.0,1694,1694,2,2,7,2.0,636.0,307000
7,7,1973,1973,3,2,1107.0,1107,2090,2,3,7,2.0,484.0,200000
8,7,1931,1950,3,4,952.0,1022,1774,2,3,8,2.0,468.0,129900
9,5,1939,1950,3,4,991.0,1077,1077,1,3,5,1.0,205.0,118000
10,5,1965,1965,3,4,1040.0,1040,1040,1,3,5,1.0,384.0,129500
11,9,2005,2006,0,0,1175.0,1182,2324,3,0,11,3.0,736.0,345000
12,5,1962,1962,3,4,912.0,912,912,1,3,4,1.0,352.0,144000
13,7,2006,2007,2,2,1494.0,1494,1494,2,2,7,3.0,840.0,279500
14,6,1960,1960,3,4,1253.0,1253,1253,1,3,5,1.0,352.0,157000
15,7,1929,2001,3,4,832.0,854,854,1,3,5,2.0,576.0,132000
16,6,1970,1970,3,4,1004.0,1004,1004,1,3,5,2.0,480.0,149000
17,4,1967,1967,3,3,0.0,1296,1296,2,3,6,2.0,516.0,90000
18,5,2004,2004,3,4,1114.0,1114,1114,1,2,6,2.0,576.0,159000
19,5,1958,1965,3,4,1029.0,1339,1339,1,3,6,1.0,294.0,139000
20,8,2005,2006,2,0,1158.0,1158,2376,3,2,9,3.0,853.0,325300
21,7,1930,1950,3,4,637.0,1108,1108,1,2,6,1.0,280.0,139400
22,8,2002,2002,2,2,1777.0,1795,1795,2,2,7,2.0,534.0,230000
23,5,1976,1976,3,2,1040.0,1060,1060,1,3,6,2.0,572.0,129900
24,5,1968,2001,3,4,1060.0,1060,1060,1,2,6,1.0,270.0,154000
25,8,2007,2007,2,2,1566.0,1600,1600,2,2,7,3.0,890.0,256300
26,5,1951,2000,3,4,900.0,900,900,1,2,5,2.0,576.0,134800
27,8,2007,2008,2,0,1704.0,1704,1704,2,2,7,3.0,772.0,306000
28,5,1957,1997,3,4,1484.0,1600,1600,1,3,6,1.0,319.0,207500
29,4,1927,1950,3,4,520.0,520,520,1,1,4,1.0,240.0,68500
30,4,1920,1950,3,4,649.0,649,1317,1,3,6,1.0,250.0,40000
31,5,1966,2006,3,4,1228.0,1228,1228,1,2,6,1.0,271.0,149350
32,8,2007,2007,2,0,1234.0,1234,1234,2,2,7,2.0,484.0,179900
33,5,1959,1959,3,4,1398.0,1700,1700,1,2,6,2.0,447.0,165500
34,9,2005,2005,0,0,1561.0,1561,1561,2,0,6,2.0,556.0,277500
35,8,2004,2005,2,0,1117.0,1132,2452,3,2,9,3.0,691.0,309000
36,5,1994,1995,3,2,1097.0,1097,1097,1,3,6,2.0,672.0,145000
37,5,1954,1990,3,4,1297.0,1297,1297,1,3,5,2.0,498.0,153000
38,5,1953,2007,3,4,1057.0,1057,1057,1,2,5,1.0,246.0,109000
39,4,1955,1955,3,3,0.0,1152,1152,2,1,6,0.0,0.0,82000
40,6,1965,1965,3,4,1088.0,1324,1324,2,3,6,2.0,440.0,160000
41,5,1959,1959,3,4,1350.0,1328,1328,1,3,5,1.0,308.0,170000
42,5,1983,1983,3,2,840.0,884,884,1,2,5,2.0,504.0,144000
43,5,1975,1980,3,2,938.0,938,938,1,3,5,1.0,308.0,130250
44,5,1959,1959,3,4,1150.0,1150,1150,1,3,6,1.0,300.0,141000
45,9,2005,2005,0,0,1752.0,1752,1752,2,0,6,2.0,576.0,319900
46,7,2003,2003,2,0,1434.0,1518,2149,1,2,6,2.0,670.0,239686
47,8,2006,2006,2,2,1656.0,1656,1656,2,2,7,3.0,826.0,249700
48,4,1920,2008,3,4,736.0,736,1452,2,3,8,0.0,0.0,113000
49,5,1966,1966,3,4,955.0,955,955,1,3,6,1.0,386.0,127000
50,6,1997,1997,3,2,794.0,794,1470,2,3,6,2.0,388.0,177000
51,6,1934,1950,3,4,816.0,816,1176,1,3,6,2.0,528.0,114500
52,5,1963,1963,1,2,816.0,816,816,1,3,5,2.0,516.0,110000
53,9,1981,1987,2,0,1842.0,1842,1842,0,2,5,3.0,894.0,385000
54,5,1955,1955,3,4,384.0,1360,1360,1,3,6,2.0,572.0,130000
55,6,1964,1964,3,4,1425.0,1425,1425,2,3,7,2.0,576.0,180500
56,8,1999,2000,2,2,970.0,983,1739,2,2,7,2.0,480.0,172500
57,7,2004,2004,2,2,860.0,860,1720,2,2,7,2.0,565.0,196500
58,10,2006,2006,0,0,1410.0,1426,2945,3,2,10,3.0,641.0,438780
59,5,1972,1972,3,4,780.0,780,780,1,3,4,1.0,352.0,124900
60,6,2004,2004,3,2,1158.0,1158,1158,1,2,5,2.0,576.0,158000
61,5,1920,1996,3,4,530.0,581,1111,1,1,6,1.0,288.0,101000
62,8,2006,2006,2,2,1370.0,1370,1370,2,2,6,2.0,484.0,202500
63,7,1921,1950,3,4,576.0,902,1710,2,3,9,2.0,480.0,140000
64,7,1997,1998,3,2,1057.0,1057,2034,2,2,8,2.0,645.0,219500
65,8,2004,2005,2,0,1143.0,1143,2473,2,2,9,3.0,852.0,317000
66,7,1970,1989,3,2,1947.0,2207,2207,2,3,7,2.0,576.0,180000
67,7,2003,2003,2,2,1453.0,1479,1479,2,2,7,2.0,558.0,226000
68,4,1945,1950,3,4,747.0,747,747,1,3,4,1.0,220.0,80000
69,7,1953,1953,2,4,1304.0,1304,2287,2,3,7,2.0,667.0,225000
70,7,1973,1973,3,2,2223.0,2223,2223,2,3,8,2.0,516.0,244000
71,4,1982,2006,3,4,845.0,845,845,1,3,4,2.0,360.0,129500
72,7,1998,1998,3,2,832.0,885,1718,2,3,7,2.0,427.0,185000
73,5,1954,2003,3,4,1086.0,1086,1086,1,3,6,2.0,490.0,144900
74,3,1915,1950,2,1,840.0,840,1605,2,3,8,1.0,379.0,107400
75,4,1973,1973,3,2,462.0,526,988,1,3,5,1.0,297.0,91000
76,4,1956,1956,3,4,952.0,952,952,1,3,4,1.0,283.0,135750
77,5,1948,2001,3,4,672.0,1072,1285,1,3,6,1.0,240.0,127000
78,4,1968,1968,3,4,1768.0,1768,1768,2,3,8,0.0,0.0,136500
79,5,1910,1981,3,4,440.0,682,1230,1,3,5,2.0,440.0,110000
80,6,1968,1968,3,2,896.0,1182,2142,2,2,8,1.0,509.0,193500
81,6,1998,1998,3,0,1237.0,1337,1337,2,3,5,2.0,405.0,153500
82,8,2007,2007,3,2,1563.0,1563,1563,2,2,6,3.0,758.0,245000
83,5,1960,1960,3,4,1065.0,1065,1065,1,3,6,2.0,461.0,126500
84,7,1995,1996,3,2,384.0,804,1474,2,3,7,2.0,400.0,168500
85,8,1991,1992,2,2,1288.0,1301,2417,2,2,9,2.0,462.0,260000
86,6,2005,2005,2,2,684.0,684,1560,2,2,6,2.0,400.0,174000
87,6,2009,2009,2,2,612.0,612,1224,2,2,4,2.0,528.0,164500
88,3,1915,1982,1,4,1013.0,1013,1526,1,1,6,0.0,0.0,85000
89,4,1994,1995,3,2,990.0,990,990,1,3,5,0.0,0.0,123600
90,4,1950,1950,3,3,0.0,1040,1040,1,3,4,2.0,420.0,109900
91,5,1961,1961,3,4,1235.0,1235,1235,1,3,6,2.0,480.0,98600
92,5,1921,2006,3,2,876.0,964,964,1,3,5,2.0,432.0,163500
93,6,1910,1998,3,4,1214.0,1260,2291,2,3,9,2.0,506.0,133900
94,6,1997,1997,3,2,824.0,905,1786,2,2,7,2.0,684.0,204750
95,6,1993,1993,0,2,680.0,680,1470,2,3,6,2.0,420.0,185000
96,7,1999,1999,2,2,1588.0,1588,1588,2,2,6,2.0,472.0,214000
97,4,1965,1965,3,4,960.0,960,960,1,3,6,1.0,432.0,94750
98,5,1920,1950,3,4,458.0,835,835,1,3,5,1.0,366.0,83000
99,4,1959,1959,3,4,950.0,1225,1225,1,3,6,0.0,0.0,128950
100,6,1977,2001,3,4,1610.0,1610,1610,2,2,6,2.0,480.0,205000
101,6,1985,1985,2,2,741.0,977,1732,2,2,7,2.0,476.0,178000
102,5,1979,1979,3,3,0.0,1535,1535,2,3,8,2.0,410.0,118964
103,7,2009,2009,3,2,1226.0,1226,1226,2,2,6,3.0,740.0,198900
104,7,1931,1950,3,4,1040.0,1226,1818,1,3,7,1.0,240.0,169500
105,8,2003,2004,2,0,1053.0,1053,1992,2,2,9,2.0,648.0,250000
106,4,1885,1995,3,1,641.0,1047,1047,1,3,6,1.0,273.0,100000
107,5,1948,1950,3,4,789.0,789,789,1,3,5,1.0,250.0,115000
108,5,1919,2005,3,4,793.0,997,1517,2,1,7,0.0,0.0,115000
109,6,1977,1977,3,2,1844.0,1844,1844,2,3,7,2.0,546.0,190000
110,6,1954,1972,3,4,994.0,1216,1855,2,3,7,1.0,325.0,136900
111,7,2000,2000,3,2,384.0,774,1430,2,3,7,2.0,400.0,180000
112,7,2007,2007,2,0,1264.0,1282,2696,2,0,10,3.0,792.0,383970
113,6,1953,1953,3,2,1809.0,2259,2259,2,2,7,2.0,450.0,217000
114,6,1945,2002,3,4,1028.0,1436,2320,2,2,9,1.0,180.0,259500
115,6,1999,1999,3,2,729.0,729,1458,2,3,5,2.0,440.0,176000
116,5,1962,1962,3,4,1092.0,1092,1092,1,3,6,1.0,288.0,139000
117,5,2006,2007,3,2,1125.0,1125,1125,1,3,5,2.0,430.0,155000
118,7,1990,1990,3,2,1673.0,1699,3222,3,2,11,3.0,594.0,320000
119,6,2005,2006,2,2,728.0,728,1456,2,2,8,2.0,390.0,163990
120,6,1969,1969,3,4,938.0,988,988,1,3,4,2.0,540.0,180000
121,4,1939,1950,3,4,732.0,772,1123,1,3,4,1.0,264.0,100000
122,6,1958,1958,3,4,1080.0,1080,1080,1,3,5,1.0,288.0,136000
123,6,1993,1993,2,2,1199.0,1199,1199,2,2,5,2.0,530.0,153900
124,6,1979,1998,3,2,1362.0,1586,1586,2,3,7,2.0,435.0,181000
125,6,1935,1982,3,4,520.0,520,754,1,3,5,0.0,0.0,84500
126,6,1976,1976,3,2,1078.0,958,958,2,3,5,2.0,440.0,128000
127,5,1930,1950,3,4,672.0,840,840,1,3,5,0.0,0.0,87000
128,6,1966,1966,3,4,660.0,660,1348,1,3,6,2.0,453.0,155000
129,5,1958,1991,3,4,1008.0,1053,1053,1,0,6,2.0,750.0,150000
130,7,1966,1966,3,4,924.0,1216,2157,2,2,8,2.0,487.0,226000
131,6,2000,2000,2,2,992.0,1022,2054,2,2,7,2.0,390.0,244000
132,5,1959,2002,3,4,1063.0,1327,1327,1,2,7,2.0,624.0,150750
133,8,2001,2002,2,0,1267.0,1296,1296,2,2,6,2.0,471.0,220000
134,5,1968,1993,3,4,1461.0,1721,1721,2,3,7,2.0,440.0,180000
135,7,1970,1970,3,4,1304.0,1682,1682,2,3,7,2.0,530.0,174000
136,5,1967,1967,3,4,1214.0,1214,1214,2,3,5,1.0,318.0,143000
137,7,1988,1989,3,4,1907.0,1959,1959,3,3,9,3.0,766.0,171000
138,8,1999,2000,2,2,1004.0,1004,1852,2,2,7,3.0,660.0,230000
139,6,1997,1997,3,2,928.0,928,1764,2,2,7,2.0,470.0,231500
140,4,1971,1971,3,4,864.0,864,864,1,3,5,0.0,0.0,115000
141,7,2005,2005,2,2,1734.0,1734,1734,2,2,7,2.0,660.0,260000
142,5,1952,1952,3,4,910.0,910,1385,2,3,6,2.0,720.0,166000
143,7,1999,1999,2,2,1490.0,1501,1501,2,2,6,2.0,577.0,204000
144,5,1963,1963,3,4,1728.0,1728,1728,2,3,10,2.0,504.0,125000
145,6,2004,2006,2,2,970.0,970,1709,2,2,7,2.0,380.0,130000
146,5,1931,1993,3,4,715.0,875,875,1,3,5,1.0,180.0,105000
147,7,2001,2001,2,2,884.0,884,2035,2,2,8,2.0,434.0,222500
148,7,2004,2005,3,2,1080.0,1080,1080,1,2,6,0.0,0.0,141000
149,5,1936,1950,3,2,896.0,896,1344,1,3,7,1.0,240.0,115000
150,5,1975,1975,3,4,969.0,969,969,1,3,5,2.0,440.0,122000
151,8,2007,2008,2,0,1710.0,1710,1710,2,2,6,3.0,866.0,372402
152,6,1971,1971,3,4,825.0,1097,1993,2,3,8,2.0,495.0,190000
153,6,1960,1975,3,2,1602.0,1252,1252,1,3,4,2.0,564.0,235000
154,6,1923,1950,3,4,1200.0,1200,1200,1,3,7,1.0,312.0,125000
155,6,1924,1950,3,4,572.0,572,1096,1,3,5,0.0,0.0,79000
156,5,1950,1950,3,3,0.0,1040,1040,1,3,5,2.0,625.0,109500
157,8,2009,2010,2,0,774.0,774,1968,2,0,8,3.0,680.0,269500
158,7,2004,2005,2,2,991.0,991,1947,2,2,8,2.0,678.0,254900
159,7,2005,2006,2,2,1392.0,1392,2462,2,2,9,2.0,576.0,320000
160,6,1984,1984,3,2,1232.0,1232,1232,2,3,6,2.0,516.0,162500
161,9,2003,2004,2,0,1572.0,1572,2668,2,0,10,3.0,726.0,412500
162,7,2005,2005,2,2,1541.0,1541,1541,2,2,7,2.0,532.0,220000
163,4,1956,1956,3,4,882.0,882,882,1,3,4,0.0,0.0,103200
164,6,1926,2004,3,4,1149.0,1149,1616,2,2,5,1.0,216.0,152000
165,5,1940,1999,3,4,644.0,808,1355,2,3,6,0.0,0.0,127500
166,5,1955,1993,2,4,1617.0,1867,1867,1,3,7,1.0,303.0,190000
167,8,2007,2007,2,0,1582.0,1610,2161,1,0,8,3.0,789.0,325624
168,7,2004,2004,2,2,840.0,840,1720,2,2,7,2.0,440.0,183500
169,8,1981,1981,2,2,1686.0,1707,1707,2,3,6,2.0,511.0,228000
170,5,1941,1950,3,4,720.0,854,1382,1,3,7,2.0,660.0,128500
171,6,1960,1960,3,4,1080.0,1656,1656,1,3,7,2.0,528.0,215000
172,7,1987,1987,2,2,1064.0,1064,1767,2,2,5,2.0,504.0,239000
173,6,1961,1961,3,4,1362.0,1362,1362,1,3,6,2.0,504.0,163000
174,6,1986,1986,3,2,1606.0,1651,1651,2,3,7,2.0,616.0,184000
175,6,1950,2001,3,4,1202.0,2158,2158,2,2,7,2.0,576.0,243000
176,6,1988,1989,2,2,1151.0,1164,2060,2,3,8,2.0,521.0,211000
177,5,1958,1958,2,4,1052.0,1252,1920,2,2,8,2.0,451.0,172500
178,9,2008,2009,0,0,2216.0,2234,2234,2,0,9,3.0,1166.0,501837
179,5,1923,2006,2,4,968.0,968,968,1,3,5,2.0,480.0,100000
180,6,2000,2000,2,2,756.0,769,1525,2,2,5,2.0,440.0,177000
181,7,1920,1950,3,1,793.0,901,1802,1,3,9,1.0,216.0,200100
182,5,1957,2006,3,3,0.0,1340,1340,1,3,7,1.0,252.0,120000
183,7,2003,2003,3,2,1362.0,1362,2082,2,2,6,2.0,484.0,200000
184,5,1908,1991,3,1,504.0,936,1252,1,3,5,2.0,576.0,127000
185,10,1892,1993,2,4,1107.0,1518,3608,2,0,12,3.0,840.0,475000
186,7,1990,1991,3,2,1188.0,1217,1217,2,2,6,2.0,497.0,173000
187,5,1916,1987,3,1,660.0,808,1656,2,3,8,1.0,180.0,135000
188,5,1979,1979,3,2,1086.0,1224,1224,0,3,6,2.0,528.0,153337
189,8,2001,2002,2,0,1593.0,1593,1593,1,0,5,2.0,682.0,286000
190,8,1932,1994,2,2,853.0,1549,2727,2,2,10,2.0,440.0,315000
191,7,1972,2004,3,4,725.0,725,1479,1,2,7,2.0,484.0,184000
192,7,1999,1999,2,2,1431.0,1431,1431,2,2,6,2.0,666.0,192000
193,7,2004,2004,2,2,970.0,970,1709,2,2,7,2.0,380.0,130000
194,5,1972,1972,3,4,864.0,864,864,1,3,5,1.0,352.0,127000
195,6,1976,1976,3,2,855.0,855,1456,2,3,7,2.0,440.0,148500
196,7,2007,2007,0,0,1726.0,1726,1726,2,0,8,3.0,786.0,311872
197,8,1918,1990,2,4,1360.0,1360,3112,2,2,8,2.0,795.0,235000
198,6,1912,1950,3,4,755.0,929,2229,1,3,8,0.0,0.0,104000
199,8,2004,2005,2,0,1713.0,1713,1713,2,0,7,3.0,856.0,274900
200,4,2003,2004,3,2,1121.0,1121,1121,2,3,5,2.0,440.0,140000
201,6,1977,1977,3,4,1196.0,1279,1279,2,3,6,2.0,473.0,171500
202,6,1924,1950,3,1,617.0,865,1310,2,3,6,1.0,398.0,112000
203,6,2004,2004,2,2,848.0,848,848,1,2,3,2.0,420.0,149000
204,5,1947,1950,3,4,720.0,720,1284,1,3,5,1.0,240.0,110000
205,7,1990,1990,3,2,1424.0,1442,1442,2,3,5,2.0,500.0,180500
206,5,1962,1962,3,4,1140.0,1696,1696,1,3,8,1.0,349.0,143900
207,4,1960,1960,3,4,1100.0,1100,1100,1,3,6,1.0,312.0,141000
208,7,1988,1989,2,2,1157.0,1180,2062,2,3,7,2.0,454.0,277000
209,6,1964,1964,3,2,1092.0,1092,1092,1,3,6,2.0,504.0,145000
210,5,1925,1950,3,4,864.0,864,864,1,3,5,0.0,0.0,98000
211,6,2009,2009,3,2,1212.0,1212,1212,2,2,6,2.0,460.0,186000
212,7,2009,2009,3,2,900.0,932,1852,2,2,7,2.0,644.0,252678
213,5,1995,1995,3,2,990.0,990,990,1,3,5,2.0,576.0,156000
214,6,1977,1977,3,2,689.0,689,1392,1,3,6,1.0,299.0,161750
215,5,1957,1996,3,4,1070.0,1236,1236,1,2,6,1.0,447.0,134450
216,7,2004,2004,2,2,1436.0,1436,1436,2,2,8,2.0,484.0,210000
217,4,1925,1950,3,4,686.0,810,1328,1,3,8,1.0,210.0,107000
218,7,1939,2006,2,4,798.0,1137,1954,1,2,8,2.0,431.0,311500
219,7,2005,2006,2,2,1248.0,1248,1248,2,2,5,2.0,438.0,167240
220,7,2006,2006,2,2,1498.0,1498,1498,2,2,5,2.0,675.0,204900
221,6,2002,2002,2,2,1010.0,1010,2267,2,2,8,2.0,390.0,200000
222,6,1975,1975,3,2,713.0,811,1552,2,3,6,2.0,434.0,179900
223,4,1971,1971,3,4,864.0,864,864,1,3,4,2.0,576.0,97000
224,10,2003,2003,0,0,2392.0,2392,2392,2,0,8,3.0,968.0,386250
225,5,1971,1971,3,4,630.0,630,1302,2,3,6,1.0,280.0,112000
226,7,1995,1995,2,2,1203.0,1214,2520,2,2,9,3.0,721.0,290000
227,6,1970,1970,3,4,483.0,483,987,1,3,5,1.0,280.0,106000
228,5,1967,1967,3,4,912.0,912,912,1,3,5,1.0,336.0,125000
229,7,2005,2006,2,2,1373.0,1555,1555,2,2,7,2.0,430.0,192500
230,6,1959,1959,3,4,1194.0,1194,1194,1,3,6,1.0,312.0,148000
231,8,1995,1996,2,2,1462.0,1490,2794,2,0,9,3.0,810.0,403000
232,6,1972,1972,3,4,483.0,483,987,1,3,5,1.0,288.0,94500
233,5,1976,1976,3,4,894.0,894,894,1,3,5,1.0,308.0,128200
234,6,2002,2002,2,2,860.0,860,1960,2,2,8,2.0,440.0,216500
235,6,1971,1971,3,4,483.0,483,987,1,3,5,1.0,264.0,89500
236,7,2004,2004,2,2,1414.0,1414,1414,2,2,6,2.0,494.0,185500
237,7,1993,2003,2,2,996.0,1014,1744,2,2,7,2.0,457.0,194500
238,8,2007,2007,0,0,1694.0,1694,1694,2,2,7,3.0,818.0,318000
239,6,1945,1950,3,4,735.0,798,1487,1,3,7,1.0,220.0,113000
240,8,2008,2008,2,2,1566.0,1566,1566,2,2,7,2.0,750.0,262500
241,5,1945,1997,3,4,686.0,866,866,1,2,4,0.0,0.0,110500
242,5,1900,1950,3,4,540.0,889,1440,1,3,6,1.0,352.0,79000
243,6,1980,1980,3,2,626.0,626,1217,1,3,6,1.0,288.0,120000
244,7,1994,2002,2,2,948.0,1222,2110,2,2,8,2.0,463.0,205000
245,7,1988,1988,3,2,1845.0,1872,1872,2,3,6,2.0,604.0,241500
246,6,1910,1950,3,1,1020.0,908,1928,2,1,9,1.0,440.0,137000
247,6,1954,1954,3,4,1367.0,1375,1375,1,3,5,2.0,451.0,140000
248,7,2003,2003,2,2,840.0,840,1668,2,2,8,2.0,500.0,180000
249,6,1958,2006,2,2,1444.0,1444,2144,2,2,7,2.0,389.0,277000
250,3,1940,1966,3,4,728.0,1306,1306,1,1,6,0.0,0.0,76500
251,8,2006,2007,2,2,1573.0,1625,1625,2,2,5,2.0,538.0,235000
252,6,2004,2004,2,2,798.0,798,1640,2,2,6,2.0,520.0,173000
253,6,1964,1991,3,2,1302.0,1302,1302,2,2,7,1.0,309.0,158000
254,5,1957,1957,3,4,1314.0,1314,1314,1,3,5,1.0,294.0,145000
255,7,1999,1999,2,2,975.0,1005,2291,2,2,8,2.0,429.0,230000
256,6,2003,2003,2,2,864.0,864,1728,2,2,7,2.0,673.0,207500
257,7,2006,2006,2,2,1604.0,1604,1604,2,2,8,2.0,660.0,220000
258,7,2001,2001,2,2,963.0,963,1792,2,2,7,2.0,564.0,231500
259,5,1956,1956,3,3,0.0,882,882,1,3,4,1.0,308.0,97000
260,6,1962,1962,3,4,1362.0,1382,1382,1,3,6,2.0,884.0,176000
261,8,2007,2007,2,0,1482.0,1482,2574,2,0,10,3.0,868.0,276000
262,6,1977,1995,3,2,506.0,1212,1212,1,3,6,2.0,492.0,151000
263,5,1929,2001,3,4,926.0,926,1316,1,3,6,2.0,484.0,130000
264,5,1925,2004,3,1,680.0,764,764,1,3,4,2.0,504.0,73000
265,6,1981,1981,3,2,1422.0,1422,1422,2,2,7,2.0,576.0,175500
266,6,1997,1997,3,2,802.0,802,1511,2,3,8,2.0,413.0,185000
267,5,1939,1997,3,4,720.0,1052,2192,2,2,8,1.0,240.0,179500
268,5,1940,1955,3,4,740.0,778,778,1,3,4,1.0,924.0,120500
269,6,1976,1976,3,4,1143.0,1113,1113,1,3,6,1.0,504.0,148000
270,8,2006,2006,2,2,1095.0,1095,1939,2,2,8,3.0,1053.0,266000
271,7,1954,2005,3,2,1385.0,1363,1363,1,3,5,2.0,439.0,241500
272,8,1999,2007,2,2,1152.0,1164,2270,2,2,9,3.0,671.0,290000
273,6,1958,1988,3,4,1240.0,1632,1632,2,3,6,1.0,338.0,139000
274,5,1982,1982,3,4,816.0,816,816,1,3,5,1.0,264.0,124500
275,7,1925,2007,2,4,952.0,952,1548,2,0,5,2.0,672.0,205000
276,7,2003,2003,2,0,1560.0,1560,1560,2,2,7,2.0,573.0,201000
277,4,1951,1951,3,4,864.0,864,864,1,3,4,2.0,400.0,141000
278,9,2006,2007,0,0,2121.0,2121,2121,2,0,8,3.0,732.0,415298
279,7,1977,1977,3,2,1160.0,1156,2022,2,3,8,2.0,505.0,192000
280,7,1989,1989,2,2,807.0,1175,1982,2,2,7,2.0,575.0,228500
281,6,2006,2006,2,2,1262.0,1262,1262,2,2,5,2.0,572.0,185000
282,7,2007,2008,2,2,1314.0,1314,1314,2,2,6,2.0,626.0,207500
283,8,2008,2009,2,2,1468.0,1468,1468,2,2,6,3.0,898.0,244600
284,6,1992,1992,2,2,1575.0,1575,1575,2,2,5,2.0,529.0,179200
285,7,2006,2007,2,2,625.0,625,1250,2,2,5,2.0,528.0,164700
286,6,1962,1981,3,4,912.0,1085,1734,1,2,7,2.0,440.0,159000
287,4,1971,1971,3,4,858.0,858,858,1,3,5,0.0,0.0,88000
288,5,1967,1967,3,4,882.0,900,900,1,3,5,1.0,280.0,122000
289,6,1915,2003,3,4,698.0,698,1396,1,3,7,1.0,384.0,153575
290,8,2006,2006,2,2,1079.0,1079,1919,2,2,8,2.0,685.0,233230
291,5,1912,2000,3,4,780.0,936,1716,2,1,9,0.0,0.0,135900
292,5,1949,2008,3,4,768.0,1148,1716,1,3,8,1.0,281.0,131000
293,7,1977,1994,3,4,795.0,1468,2263,2,2,9,2.0,539.0,235000
294,6,1953,1953,3,4,1416.0,1644,1644,1,3,7,2.0,418.0,167000
295,6,1984,1984,3,4,1003.0,1003,1003,1,3,6,2.0,588.0,142500
296,5,1950,1950,3,4,910.0,910,1558,1,3,6,1.0,282.0,152000
297,7,1997,1998,2,2,975.0,975,1950,2,2,7,2.0,576.0,239000
298,6,1968,1968,2,4,702.0,1041,1743,1,3,7,2.0,539.0,175000
299,6,1950,2004,3,4,1092.0,1152,1152,1,2,6,1.0,300.0,158500
300,5,1953,1953,3,4,1165.0,1336,1336,1,3,5,1.0,375.0,157000
301,8,1998,1999,2,2,1028.0,1210,2452,2,2,9,2.0,683.0,267000
302,7,2001,2002,2,2,1541.0,1541,1541,2,2,6,3.0,843.0,205000
303,5,1972,1972,3,4,894.0,894,894,1,3,5,2.0,552.0,149900
304,7,1880,2002,3,4,1470.0,1675,3493,3,2,10,3.0,870.0,295000
305,8,2004,2005,2,2,2000.0,2000,2000,2,2,8,3.0,888.0,305900
306,7,1990,1991,2,2,700.0,1122,2243,2,2,8,3.0,746.0,225000
307,6,1920,1950,3,4,319.0,1035,1406,1,1,6,0.0,0.0,89500
308,4,1940,1950,3,4,861.0,861,861,1,3,4,2.0,539.0,82500
309,9,2003,2004,2,0,1896.0,1944,1944,2,0,8,3.0,708.0,360000
310,6,1993,1994,3,2,697.0,697,1501,2,2,6,2.0,420.0,165600
311,6,1948,2002,3,4,972.0,972,972,1,3,5,1.0,240.0,132000
312,5,1939,1950,3,2,793.0,793,1118,1,3,5,2.0,410.0,119900
313,7,1965,1965,3,2,2136.0,2036,2036,2,3,8,2.0,513.0,375000
314,7,1925,1990,3,4,728.0,832,1641,1,0,6,2.0,546.0,178000
315,7,2004,2005,2,2,716.0,716,1432,2,2,6,2.0,432.0,188500
316,7,1980,1980,2,2,845.0,1153,2353,2,0,10,2.0,484.0,260000
317,8,2006,2006,2,2,1088.0,1088,1959,2,2,8,3.0,1025.0,270000
318,7,1993,1993,2,2,1347.0,1372,2646,2,2,9,3.0,656.0,260000
319,7,1980,1980,3,2,1372.0,1472,1472,2,3,6,2.0,588.0,187500
320,9,2006,2006,3,0,1249.0,1249,2596,3,2,9,3.0,840.0,342643
321,8,2004,2004,2,0,1136.0,1136,2468,2,2,10,3.0,872.0,354000
322,7,1986,1987,2,4,1502.0,1553,2730,2,2,8,2.0,576.0,301000
323,3,1955,2005,3,4,1162.0,1163,1163,1,3,6,1.0,220.0,126175
324,7,1967,2007,2,2,710.0,1898,2978,2,2,11,2.0,564.0,242000
325,5,1941,1950,3,4,720.0,803,803,1,3,5,2.0,360.0,87000
326,8,1993,1993,2,2,1719.0,1719,1719,1,2,6,2.0,473.0,324000
327,6,1960,1960,3,4,1383.0,1383,1383,1,3,7,1.0,292.0,145250
328,6,1916,1994,3,4,844.0,1445,2134,2,2,10,2.0,441.0,214500
329,5,1920,1950,3,4,596.0,596,1192,1,3,6,1.0,189.0,78000
330,5,1964,1964,3,4,1728.0,1728,1728,2,3,10,1.0,352.0,119000
331,5,1958,1992,3,4,1056.0,1056,1056,1,3,6,1.0,308.0,139000
332,8,2003,2004,2,2,3206.0,1629,1629,2,2,7,3.0,880.0,284000
333,7,2004,2004,2,2,1358.0,1358,1358,2,2,6,2.0,484.0,207000
334,6,1998,1998,3,2,943.0,943,1638,2,3,7,2.0,472.0,192000
335,5,1965,1965,3,4,1499.0,1619,1786,2,3,7,2.0,529.0,228950
336,9,2005,2006,2,0,1922.0,1922,1922,2,2,8,3.0,676.0,377426
337,7,2002,2003,2,2,1536.0,1536,1536,2,2,7,2.0,532.0,214000
338,7,1984,1998,2,2,1208.0,1621,1621,2,2,8,2.0,440.0,202500
339,6,1958,1998,3,4,1215.0,1215,1215,1,3,6,1.0,297.0,155000
340,8,2002,2002,2,2,967.0,993,1908,2,2,9,2.0,431.0,202900
341,4,1950,1950,1,4,721.0,841,841,1,3,4,1.0,294.0,82000
342,3,1949,1950,3,3,0.0,1040,1040,2,3,6,2.0,400.0,87500
343,9,2005,2005,0,0,1684.0,1684,1684,2,0,6,2.0,564.0,266000
344,5,1976,1976,3,2,536.0,536,1112,1,3,4,1.0,336.0,85000
345,6,1939,1950,3,4,972.0,972,1577,1,1,6,1.0,312.0,140200
346,6,1960,1998,3,4,958.0,958,958,1,3,5,1.0,301.0,151500
347,6,1960,1960,3,4,1478.0,1478,1478,2,3,6,2.0,498.0,157500
348,7,2003,2004,2,2,764.0,764,1626,2,2,6,2.0,474.0,154000
349,9,2005,2006,0,0,1848.0,1848,2728,2,0,10,3.0,706.0,437154
350,9,2007,2007,0,0,1869.0,1869,1869,2,0,6,2.0,617.0,318061
351,7,1986,1986,3,2,1453.0,1453,1453,1,2,6,2.0,445.0,190000
352,5,1941,1950,3,4,616.0,616,1111,1,3,5,1.0,200.0,95000
353,6,1928,2003,3,4,624.0,720,720,1,3,5,2.0,484.0,105900
354,6,1940,2000,3,4,940.0,1192,1595,1,3,6,1.0,240.0,140000
355,6,1995,1995,2,2,1200.0,1200,1200,2,2,6,2.0,521.0,177500
356,6,1992,1992,3,2,1158.0,1167,1167,2,2,6,2.0,400.0,173000
357,5,1976,1976,3,2,1142.0,1142,1142,1,3,6,2.0,528.0,134000
358,5,1958,1958,3,4,1062.0,1352,1352,1,2,6,1.0,288.0,130000
359,8,1998,1998,2,2,1086.0,1086,1924,2,2,7,2.0,592.0,280000
360,6,1978,1978,3,2,888.0,912,912,1,3,5,2.0,470.0,156000
361,5,1940,1982,3,4,883.0,988,1505,1,3,8,1.0,240.0,145000
362,7,2003,2003,2,3,0.0,495,1922,3,2,7,2.0,672.0,198500
363,6,1972,2007,3,4,483.0,483,987,1,2,5,1.0,264.0,118000
364,6,1976,1976,3,2,796.0,790,1574,2,3,6,2.0,566.0,190000
365,5,1920,1997,3,4,672.0,672,1344,1,3,6,1.0,468.0,147000
366,6,1963,1963,3,2,1394.0,1394,1394,1,3,6,2.0,514.0,159000
367,6,1962,1962,3,2,1099.0,1431,1431,1,3,6,1.0,296.0,165000
368,5,1954,1954,3,4,1268.0,1268,1268,1,3,7,1.0,244.0,132000
369,5,1959,2006,3,4,1063.0,1287,1287,1,2,7,2.0,576.0,162000
370,6,2000,2000,3,2,953.0,953,1664,2,3,7,2.0,460.0,172400
371,4,1959,1959,3,3,0.0,1120,1588,2,3,7,2.0,680.0,134432
372,6,1984,1984,3,2,744.0,752,752,1,3,4,1.0,264.0,125000
373,5,1953,1953,3,4,608.0,1319,1319,1,3,5,1.0,270.0,123000
374,7,2003,2004,2,2,847.0,847,1928,2,2,8,2.0,434.0,219500
375,1,1922,1950,1,1,683.0,904,904,0,1,4,0.0,0.0,61000
376,5,1996,1996,2,2,870.0,914,914,1,3,5,2.0,576.0,148000
377,8,2004,2005,2,2,1580.0,1580,2466,3,2,8,2.0,610.0,340000
378,9,2010,2010,2,0,1856.0,1856,1856,1,0,8,3.0,834.0,394432
379,6,2000,2000,3,2,982.0,1007,1800,2,3,7,2.0,463.0,179000
380,5,1924,1950,3,4,1026.0,1026,1691,2,2,6,1.0,308.0,127000
381,7,2006,2006,2,2,1293.0,1301,1301,2,2,5,2.0,572.0,187750
382,7,2006,2006,2,2,939.0,939,1797,2,2,8,2.0,639.0,213500
383,6,1928,1950,3,1,784.0,784,784,1,3,5,2.0,360.0,76000
384,6,1992,1992,2,2,1580.0,1079,1953,2,2,9,2.0,501.0,240000
385,8,2004,2005,2,2,1256.0,1269,1269,2,2,6,2.0,430.0,192000
386,5,1910,1996,3,4,658.0,658,1184,1,3,8,0.0,0.0,81000
387,6,1976,1976,3,4,1041.0,1125,1125,1,3,6,1.0,352.0,125000
388,7,1999,2000,2,2,1468.0,1479,1479,2,2,6,2.0,577.0,191000
389,10,2007,2008,0,0,1682.0,1742,2332,2,0,9,3.0,846.0,426000
390,5,1900,1950,3,4,861.0,961,1367,1,3,7,1.0,384.0,119000
391,6,2001,2002,3,0,804.0,804,1961,2,2,7,2.0,560.0,215000
392,5,1959,1959,3,3,0.0,882,882,1,3,5,1.0,294.0,106500
393,4,1941,1950,3,4,788.0,788,788,1,3,4,0.0,0.0,100000
394,5,1940,1950,3,4,735.0,735,1034,1,3,5,1.0,240.0,109000
395,5,1956,1956,3,4,1144.0,1144,1144,1,3,6,1.0,596.0,129000
396,5,1972,1972,3,4,894.0,894,894,1,3,6,2.0,600.0,123000
397,5,1962,1962,3,4,864.0,876,1812,2,3,8,1.0,264.0,169500
398,5,1920,1950,3,1,961.0,1077,1077,1,3,6,1.0,338.0,67000
399,7,2006,2007,2,2,1092.0,1112,1550,2,2,7,2.0,438.0,241000
400,8,1996,1996,2,2,1260.0,1288,1288,1,0,4,2.0,500.0,245500
401,7,2005,2005,2,2,1310.0,1310,1310,2,2,6,2.0,400.0,164990
402,5,1940,1997,3,4,672.0,672,672,1,3,4,1.0,240.0,108000
403,8,1998,1998,2,2,1141.0,1165,2263,2,2,10,2.0,420.0,258000
404,6,1995,1996,3,2,806.0,806,1572,2,3,7,2.0,373.0,168000
405,4,1976,1993,3,4,1281.0,1620,1620,2,3,8,2.0,490.0,150000
406,6,1936,1950,3,4,1064.0,1166,1639,1,3,6,1.0,240.0,115000
407,6,1915,1976,3,2,840.0,840,1680,2,3,8,1.0,308.0,177000
408,7,2006,2006,2,0,1063.0,1071,2172,2,2,9,3.0,947.0,280000
409,8,2007,2008,2,0,1034.0,1050,2078,2,0,8,3.0,836.0,339750
410,5,1958,1958,3,4,1276.0,1276,1276,1,3,5,1.0,350.0,60000
411,5,1955,1955,3,4,1056.0,1056,1056,1,3,5,2.0,572.0,145000
412,7,2009,2009,0,0,1470.0,1478,1478,2,2,7,2.0,484.0,222000
413,5,1927,1950,3,4,1008.0,1028,1028,1,3,5,2.0,360.0,115000
414,7,1993,1993,2,2,1080.0,1080,2097,2,2,9,3.0,678.0,228000
415,7,2007,2007,2,2,1340.0,1340,1340,2,2,6,2.0,396.0,181134
416,6,1978,1978,3,4,672.0,672,1400,1,3,6,2.0,440.0,149500
417,6,1918,1950,3,2,1370.0,1370,2624,2,3,10,3.0,864.0,239000
418,5,1940,1950,3,4,756.0,756,1134,1,3,7,1.0,240.0,126000
419,5,1968,1968,3,4,1056.0,1056,1056,1,3,6,1.0,304.0,142000
420,7,1997,1998,3,2,1344.0,1344,1344,2,3,8,4.0,784.0,206300
421,6,1977,2000,2,2,1602.0,1602,1602,2,2,8,2.0,529.0,215000
422,5,1954,1954,3,4,988.0,988,988,1,3,4,2.0,520.0,113000
423,8,1998,1998,2,2,1470.0,1470,2630,2,2,8,3.0,696.0,315000
424,6,1956,1956,3,2,1196.0,1196,1196,1,3,6,1.0,297.0,139000
425,7,1946,1992,3,4,651.0,707,1389,1,3,6,1.0,240.0,135000
426,7,1989,1989,2,2,1518.0,1644,1644,2,2,5,2.0,569.0,275000
427,4,1957,1957,3,4,907.0,907,907,1,3,5,1.0,352.0,109008
428,7,2007,2007,2,2,1208.0,1208,1208,2,2,6,2.0,628.0,195400
429,6,1988,1988,3,2,1392.0,1412,1412,2,2,6,2.0,576.0,175000
430,6,1971,1971,3,4,483.0,483,987,1,3,4,1.0,264.0,85400
431,6,1920,1998,3,4,901.0,1088,1198,1,3,7,0.0,0.0,79900
432,5,1971,1971,3,4,765.0,765,1365,1,3,6,2.0,440.0,122500
433,6,1997,1998,3,2,926.0,926,1604,2,3,7,2.0,470.0,181000
434,4,1972,1972,3,2,630.0,630,630,1,3,3,0.0,0.0,81000
435,7,1996,1996,2,2,799.0,827,1661,2,2,6,2.0,550.0,212000
436,6,1920,1950,3,1,648.0,734,1118,1,3,6,2.0,440.0,116000
437,6,1926,2004,2,4,884.0,904,904,1,3,4,1.0,180.0,119000
438,5,1913,2002,3,4,440.0,694,694,1,2,4,1.0,352.0,90350
439,6,1920,2000,3,4,684.0,684,1196,1,2,7,2.0,528.0,110000
440,10,2008,2008,0,0,3094.0,2402,2402,2,0,10,3.0,672.0,555000
441,4,1955,1955,3,4,1440.0,1440,1440,2,1,8,0.0,0.0,118000
442,5,1930,1992,3,4,1078.0,1128,1573,2,3,8,2.0,360.0,162900
443,7,2006,2007,2,0,1258.0,1258,1258,2,2,6,3.0,648.0,172500
444,7,1994,1995,2,2,915.0,933,1908,2,2,8,2.0,493.0,210000
445,6,1956,1956,3,4,1436.0,1689,1689,1,3,7,2.0,480.0,127500
446,6,1966,2002,2,4,1517.0,1888,1888,2,2,6,2.0,578.0,190000
447,7,1998,1999,2,2,930.0,956,1886,2,2,10,2.0,431.0,199900
448,6,1937,1950,3,4,780.0,780,1376,2,3,7,1.0,198.0,119500
449,3,1948,2002,3,4,649.0,679,1183,1,3,6,1.0,308.0,120000
450,6,1930,2005,3,4,813.0,813,813,1,2,5,1.0,270.0,110000
451,7,1975,1975,3,2,1533.0,1533,1533,2,2,5,2.0,576.0,280000
452,6,1996,1997,2,0,872.0,888,1756,2,3,7,2.0,422.0,204000
453,8,2008,2008,2,2,768.0,786,1590,2,2,6,2.0,676.0,210000
454,5,1976,1976,3,4,1728.0,1728,1728,2,3,8,2.0,560.0,188000
455,7,1973,1973,3,4,1242.0,1242,1242,1,3,6,2.0,528.0,175500
456,5,1916,1950,3,4,624.0,624,1344,1,3,7,3.0,513.0,98000
457,4,1954,1994,3,2,1364.0,1663,1663,1,2,6,2.0,529.0,256000
458,8,1925,1996,3,4,588.0,833,1666,1,2,7,1.0,228.0,161000
459,5,1950,1950,3,4,709.0,979,1203,1,2,5,1.0,352.0,110000
460,8,2009,2009,2,2,832.0,832,1935,2,3,8,2.0,552.0,263435
461,7,1936,2007,2,2,560.0,575,1135,1,2,6,2.0,576.0,155000
462,5,1965,1965,3,4,864.0,864,864,1,3,5,1.0,360.0,62383
463,6,1934,1995,3,4,715.0,849,1660,1,3,6,1.0,240.0,188700
464,5,1978,1978,3,2,1040.0,1040,1040,2,3,5,0.0,0.0,124000
465,7,2004,2004,2,2,1375.0,1414,1414,2,2,6,2.0,398.0,178740
466,7,1970,1970,3,4,1277.0,1277,1277,1,3,5,2.0,526.0,167000
467,5,1942,1995,3,4,728.0,888,1644,1,2,7,1.0,312.0,146500
468,8,2006,2006,2,2,1626.0,1634,1634,2,2,7,3.0,866.0,250000
469,6,1993,1993,2,2,832.0,832,1710,2,2,7,2.0,506.0,187000
470,8,1985,1985,2,2,1488.0,1502,1502,1,2,4,2.0,528.0,212000
471,7,1977,1977,3,2,808.0,1161,1969,2,3,8,2.0,534.0,190000
472,6,2005,2005,3,2,547.0,1072,1072,1,3,5,2.0,525.0,148000
473,8,2006,2007,2,0,1976.0,1976,1976,2,2,7,3.0,908.0,440000
474,8,2000,2000,2,2,1494.0,1652,1652,2,0,6,2.0,499.0,251000
475,5,1963,1963,3,4,970.0,970,970,1,3,5,2.0,624.0,132500
476,6,1997,1998,3,2,1478.0,1493,1493,2,2,7,2.0,508.0,208900
477,9,2006,2006,0,2,2153.0,2069,2643,2,0,9,3.0,694.0,380000
478,8,2007,2008,2,0,1705.0,1718,1718,2,2,7,3.0,826.0,297000
479,4,1937,2000,3,1,907.0,1131,1131,1,3,7,2.0,672.0,89471
480,9,2004,2005,2,0,1833.0,1850,1850,2,2,8,3.0,772.0,326000
481,9,2003,2004,2,0,1792.0,1792,1792,2,0,6,3.0,874.0,374000
482,7,1915,2005,2,4,910.0,916,1826,1,0,7,1.0,164.0,155000
483,6,1998,1998,3,0,1216.0,1216,1216,2,3,5,2.0,402.0,164000
484,5,1962,2001,3,4,999.0,999,999,1,2,6,1.0,264.0,132500
485,5,1950,2007,2,4,1113.0,1113,1113,1,2,5,1.0,264.0,147000
486,5,1965,1965,3,4,1073.0,1073,1073,1,3,6,2.0,515.0,156000
487,5,1971,1971,3,2,1484.0,1484,1484,2,3,7,2.0,487.0,175000
488,5,1900,1970,3,4,954.0,1766,2414,2,3,10,2.0,520.0,160000
489,4,1970,2002,3,2,630.0,630,630,1,2,3,1.0,286.0,86000
490,5,1976,1976,3,2,264.0,616,1304,1,3,4,1.0,336.0,115000
491,6,1941,1950,3,4,806.0,958,1578,1,1,5,1.0,240.0,133000
492,6,2006,2006,2,2,728.0,728,1456,2,3,8,2.0,429.0,172785
493,5,1960,1960,3,4,1269.0,1269,1269,1,3,6,1.0,308.0,155000
494,5,1938,1996,3,1,190.0,886,886,1,3,4,1.0,273.0,91300
495,4,1920,1950,3,4,720.0,720,720,1,3,4,0.0,0.0,34900
496,8,1992,1993,2,2,3200.0,3228,3228,3,2,10,2.0,546.0,430000
497,7,1925,1950,3,4,1026.0,1133,1820,2,3,8,1.0,240.0,184000
498,5,1967,2004,3,4,864.0,899,899,1,2,5,1.0,288.0,130000
499,5,1958,1985,3,4,912.0,912,912,1,3,5,1.0,297.0,120000
500,6,1973,1973,3,4,672.0,672,1218,1,3,7,1.0,264.0,113000
501,7,2005,2005,2,2,866.0,866,1768,2,2,7,2.0,603.0,226700
502,5,1965,1965,3,4,1214.0,1214,1214,1,3,6,2.0,461.0,140000
503,7,1959,1997,3,4,1501.0,1801,1801,2,3,6,2.0,484.0,289000
504,6,1974,1974,3,4,855.0,855,1322,2,3,6,2.0,440.0,147000
505,5,1952,1952,3,4,960.0,960,1960,2,3,10,2.0,400.0,124500
506,8,1993,1994,2,2,777.0,1065,1911,2,2,8,2.0,471.0,215000
507,6,2009,2009,2,2,1218.0,1218,1218,2,2,4,2.0,676.0,208300
508,7,1928,2005,3,4,689.0,689,1378,2,2,7,2.0,360.0,161000
509,5,1959,1959,3,4,1041.0,1041,1041,1,3,6,1.0,270.0,124500
510,5,1951,2000,2,4,1008.0,1363,1363,1,3,6,1.0,288.0,164900
511,7,2005,2006,2,2,1368.0,1368,1368,2,2,6,2.0,474.0,202665
512,5,1958,1958,3,4,864.0,864,864,1,3,5,2.0,624.0,129900
513,6,1983,1983,3,4,1084.0,1080,1080,1,3,5,2.0,484.0,134000
514,5,1926,1950,3,4,768.0,789,789,1,3,5,1.0,200.0,96500
515,10,2009,2009,0,0,2006.0,2020,2020,2,0,9,3.0,900.0,402861
516,6,1972,1972,3,4,689.0,1378,2119,2,3,7,2.0,583.0,158000
517,7,1996,1997,2,2,1264.0,1277,2344,2,2,7,3.0,889.0,265000
518,6,1998,1998,3,2,794.0,882,1796,2,3,7,2.0,546.0,211000
519,7,1926,2004,2,2,1276.0,1276,2080,1,2,9,1.0,282.0,234000
520,4,1900,2000,3,3,0.0,694,1294,2,3,7,0.0,0.0,106250
521,6,1957,1957,3,4,1244.0,1244,1244,1,3,6,1.0,336.0,150000
522,6,1947,1950,3,4,1004.0,1004,1664,2,3,7,2.0,420.0,159000
523,7,1996,1997,2,2,1379.0,1383,2398,2,2,8,3.0,834.0,315750
524,7,2005,2005,2,2,1257.0,1266,1266,2,2,6,2.0,453.0,176000
525,5,1956,2000,3,2,928.0,928,928,1,3,4,1.0,252.0,132000
526,9,2008,2008,0,0,1452.0,1476,2713,2,0,11,3.0,858.0,446261
527,4,1920,2002,3,4,528.0,605,605,1,3,5,0.0,0.0,86000
528,6,1957,1975,2,4,2035.0,2515,2515,3,3,9,2.0,484.0,200624
529,6,1988,1989,2,2,1461.0,1509,1509,2,2,5,2.0,600.0,175000
530,6,1920,1999,3,1,611.0,751,1362,2,3,6,2.0,502.0,128000
531,5,1955,2007,3,3,0.0,827,827,1,3,5,1.0,392.0,107500
532,1,1946,1950,1,3,0.0,334,334,1,1,2,0.0,0.0,39300
533,8,2004,2004,2,0,707.0,707,1414,2,2,6,2.0,403.0,178000
534,5,1910,1991,3,2,1117.0,820,1347,1,3,5,0.0,0.0,107500
535,7,1998,1999,3,2,880.0,880,1724,2,2,8,2.0,527.0,188000
536,4,1972,1972,3,4,864.0,864,864,1,3,5,2.0,576.0,111250
537,5,1968,1968,3,4,1051.0,1159,1159,1,3,7,1.0,336.0,158000
538,8,2001,2002,2,2,1581.0,1601,1601,2,2,6,2.0,670.0,272000
539,9,2006,2006,0,0,1838.0,1838,1838,2,0,8,3.0,765.0,315000
540,8,2000,2000,2,2,969.0,997,2285,2,2,8,3.0,648.0,248000
541,7,1998,1999,2,0,1650.0,1680,1680,2,2,7,2.0,583.0,213250
542,7,1998,1998,3,2,723.0,767,767,1,3,4,1.0,367.0,133000
543,7,2006,2006,2,2,654.0,664,1496,2,2,7,2.0,426.0,179665
544,7,1988,1988,2,2,1204.0,1377,2183,2,2,9,3.0,786.0,229000
545,6,1923,1950,3,2,1065.0,915,1635,1,3,6,2.0,440.0,210000
546,5,1970,1970,3,2,768.0,768,768,1,3,5,2.0,624.0,129500
547,5,1955,1995,3,4,825.0,825,825,1,3,4,2.0,720.0,125000
548,7,2003,2004,2,2,912.0,912,2094,2,2,8,2.0,615.0,263000
549,6,1977,1977,3,2,1069.0,1069,1069,2,3,4,2.0,440.0,140000
550,5,1957,1957,3,4,928.0,928,928,1,3,5,1.0,288.0,112500
551,8,2006,2006,2,0,1709.0,1717,1717,2,2,7,3.0,908.0,255500
552,4,1949,2003,3,3,0.0,1126,1126,2,2,5,2.0,520.0,108000
553,7,2003,2004,2,2,998.0,1006,2046,2,2,8,3.0,871.0,284000
554,5,1922,1950,3,4,993.0,1048,1048,1,3,5,1.0,280.0,113000
555,5,1957,1957,3,4,1092.0,1092,1092,1,3,6,1.0,299.0,141000
556,4,1920,1950,3,4,637.0,897,1336,1,3,7,1.0,570.0,108000
557,7,1996,1997,3,2,729.0,729,1446,2,3,6,2.0,406.0,175000
558,7,2003,2004,2,2,1374.0,1557,1557,2,2,7,2.0,420.0,234000
559,5,1957,1996,3,2,1392.0,1392,1392,1,3,5,2.0,528.0,121500
560,5,1974,1975,3,2,1389.0,1389,1389,1,3,6,2.0,418.0,170000
561,5,1940,1969,3,4,996.0,996,996,1,3,6,0.0,0.0,108000
562,6,1918,1950,3,2,1163.0,1163,1674,2,3,8,2.0,396.0,185000
563,7,1992,2000,2,2,1095.0,1166,2295,2,2,9,2.0,590.0,268000
564,6,1915,1950,3,2,806.0,841,1647,1,1,6,1.0,216.0,128000
565,9,2005,2007,2,2,1122.0,1134,2504,2,0,11,3.0,656.0,325000
566,7,2004,2004,2,2,1517.0,1535,1535,2,2,7,2.0,532.0,214000
567,8,1983,2009,2,2,1496.0,1496,2132,1,2,5,2.0,612.0,316600
568,5,1979,1979,3,2,943.0,943,943,1,3,4,2.0,600.0,135960
569,5,1965,1965,3,4,1728.0,1728,1728,2,3,10,2.0,576.0,142600
570,6,1959,1959,3,4,864.0,864,864,1,2,4,1.0,288.0,120000
571,7,2009,2009,3,0,846.0,846,1692,2,2,6,2.0,650.0,224500
572,7,2000,2000,3,2,384.0,774,1430,2,3,8,2.0,400.0,170000
573,5,1971,2005,3,4,372.0,576,1109,1,3,5,1.0,288.0,139000
574,5,1947,1950,3,4,832.0,832,1216,1,3,6,1.0,336.0,118500
575,7,1928,1950,3,4,861.0,877,1477,2,3,6,1.0,216.0,145000
576,5,1966,1966,3,4,1164.0,1320,1320,1,3,6,2.0,564.0,164500
577,7,2007,2007,2,2,689.0,703,1392,2,2,5,2.0,540.0,146000
578,5,1954,1954,3,4,1050.0,1050,1795,2,3,7,1.0,352.0,131500
579,6,1960,1987,3,4,1144.0,1429,1429,1,2,7,2.0,572.0,181900
580,8,2008,2009,0,0,2042.0,2042,2042,2,0,8,3.0,1390.0,253293
581,6,1990,1990,3,2,816.0,816,816,1,3,5,0.0,0.0,118500
582,10,1893,2000,0,4,1237.0,1521,2775,3,2,9,2.0,880.0,325000
583,4,1935,1995,3,4,884.0,989,1573,1,2,6,1.0,240.0,133000
584,8,2005,2006,2,0,1868.0,2028,2028,2,2,7,3.0,880.0,369900
585,6,1918,2000,3,4,816.0,838,838,1,1,5,1.0,275.0,130000
586,5,1982,1982,3,4,840.0,860,860,1,3,4,2.0,528.0,137000
587,5,1968,2003,3,4,1437.0,1473,1473,1,0,5,1.0,452.0,143000
588,5,1930,1960,3,4,742.0,779,935,1,3,4,1.0,308.0,79500
589,7,2004,2004,2,2,770.0,770,1582,2,2,6,2.0,520.0,185900
590,10,2008,2008,0,0,1722.0,1728,2296,2,0,10,3.0,842.0,451950
591,5,1982,2003,3,4,816.0,816,816,1,3,4,2.0,816.0,138000
592,6,2003,2003,2,2,848.0,848,848,1,2,4,2.0,420.0,140000
593,5,1975,1975,3,2,924.0,924,924,1,3,5,1.0,280.0,110000
594,8,2005,2006,2,2,1814.0,1826,1826,2,2,7,3.0,758.0,319000
595,6,1910,1993,3,4,684.0,684,1368,1,3,7,1.0,216.0,114504
596,7,2006,2007,2,0,1258.0,1402,1402,0,2,7,3.0,648.0,194201
597,5,1977,1977,3,2,1430.0,1647,1647,2,2,7,2.0,621.0,217500
598,6,1980,1980,3,2,716.0,716,1556,2,3,6,2.0,452.0,151000
599,8,2005,2005,2,2,1058.0,1058,1904,2,0,8,2.0,736.0,275000
600,6,1937,1950,3,4,780.0,780,1375,1,2,6,1.0,544.0,141000
601,8,1992,1992,2,2,908.0,927,1915,2,2,8,2.0,506.0,220000
602,7,2004,2005,2,2,600.0,600,1200,2,2,4,2.0,480.0,151000
603,7,2002,2002,2,2,1494.0,1494,1494,2,2,6,2.0,530.0,221000
604,7,1965,1990,3,4,768.0,1186,1986,2,3,7,2.0,486.0,205000
605,5,1996,1996,3,2,1040.0,1040,1040,1,2,6,2.0,576.0,152000
606,5,1948,2002,3,4,896.0,1112,2008,3,0,8,1.0,230.0,225000
607,8,1934,1998,3,2,965.0,1940,3194,2,3,10,2.0,380.0,359100
608,4,1961,1961,3,4,1029.0,1029,1029,1,3,5,1.0,261.0,118500
609,9,2000,2000,2,0,1440.0,1476,2153,2,0,8,3.0,736.0,313000
610,6,1978,1978,3,2,1032.0,1032,1032,2,3,6,2.0,564.0,148000
611,8,2001,2001,2,2,1299.0,1299,1872,2,0,7,2.0,531.0,261500
612,5,2007,2007,3,2,1120.0,1120,1120,1,3,6,0.0,0.0,147000
613,4,1972,1972,3,2,630.0,630,630,1,3,3,0.0,0.0,75500
614,6,1963,1963,3,4,936.0,1054,1054,1,2,6,2.0,480.0,137500
615,6,2002,2003,2,2,783.0,807,1509,2,2,7,2.0,393.0,183200
616,6,1954,1954,3,4,832.0,832,832,1,2,4,2.0,528.0,105500
617,9,2007,2007,0,0,1822.0,1828,1828,2,2,9,3.0,774.0,314813
618,8,2003,2003,2,2,1482.0,1482,2262,2,2,10,3.0,749.0,305000
619,3,1914,1950,3,4,864.0,864,864,1,3,5,0.0,0.0,67000
620,6,1974,1997,3,4,1522.0,1548,2614,2,3,9,2.0,624.0,240000
621,5,1977,1977,3,4,980.0,980,980,1,3,6,2.0,484.0,135000
622,6,2000,2000,2,2,756.0,756,1512,2,2,4,2.0,440.0,168500
623,6,1972,1972,3,4,732.0,1012,1790,1,3,8,2.0,484.0,165150
624,6,1962,1962,3,4,1116.0,1116,1116,1,3,5,2.0,440.0,160000
625,5,1960,1978,3,4,978.0,1422,1422,1,3,6,1.0,286.0,139900
626,6,1955,1972,3,4,1156.0,1520,1520,1,3,7,1.0,364.0,153000
627,5,1969,1969,3,2,1040.0,1040,2080,1,1,9,2.0,504.0,135000
628,6,1964,1964,3,4,1248.0,1350,1350,1,3,6,2.0,520.0,168500
629,5,1880,1991,3,1,636.0,1089,1750,1,0,8,1.0,240.0,124000
630,8,2006,2006,2,2,1554.0,1554,1554,2,2,6,2.0,627.0,209500
631,7,1977,1977,3,4,1386.0,1411,1411,2,3,6,2.0,544.0,82500
632,5,1954,2005,3,4,1056.0,1056,1056,1,3,6,1.0,260.0,139400
633,6,1980,1980,3,4,1056.0,1056,1056,0,3,4,2.0,576.0,144000
634,6,1914,1995,1,4,1440.0,1440,3395,2,1,14,0.0,0.0,200000
635,2,1936,1950,1,4,264.0,800,800,1,1,4,0.0,0.0,60000
636,5,1954,1954,3,4,811.0,811,1387,2,2,7,1.0,256.0,93000
637,5,1910,1950,3,1,796.0,796,796,1,3,4,0.0,0.0,85000
638,8,2006,2006,2,2,1520.0,1567,1567,2,0,7,3.0,648.0,264561
639,8,2003,2004,0,0,1518.0,1518,1518,1,0,6,2.0,588.0,274000
640,7,2001,2001,2,2,1057.0,1057,1929,2,2,7,2.0,650.0,226000
641,8,1972,1995,2,2,1952.0,2000,2704,2,0,9,2.0,538.0,345000
642,5,1969,1969,3,4,780.0,780,1620,2,3,7,2.0,462.0,152000
643,9,2009,2009,0,0,1766.0,1766,1766,2,0,7,3.0,478.0,370878
644,6,1971,1971,3,4,981.0,981,981,1,3,5,2.0,576.0,143250
645,5,1950,1950,3,3,0.0,1048,1048,1,3,7,2.0,420.0,98300
646,6,1953,1953,3,4,1094.0,1094,1094,1,3,5,2.0,495.0,155000
647,6,1966,1966,3,4,756.0,1051,1839,1,3,7,2.0,442.0,155000
648,4,1970,1970,3,2,630.0,630,630,1,3,3,0.0,0.0,84500
649,7,2007,2007,2,2,813.0,822,1665,2,2,7,2.0,562.0,205950
650,4,1940,1950,3,4,755.0,755,1510,1,3,7,1.0,296.0,108000
651,7,1996,1996,2,2,880.0,909,1716,2,2,7,2.0,512.0,191000
652,6,1906,1995,3,4,756.0,756,1469,1,3,7,1.0,216.0,135000
653,8,1995,1995,2,2,2109.0,2113,2113,2,2,7,3.0,839.0,350000
654,6,1971,1971,3,4,525.0,525,1092,1,3,6,1.0,264.0,88000
655,5,1959,2006,2,4,1053.0,1053,1053,1,2,5,1.0,312.0,145500
656,7,1931,2000,3,2,776.0,851,1502,1,3,6,1.0,270.0,149000
657,6,1948,1950,3,4,912.0,912,1458,1,3,6,1.0,330.0,97500
658,5,1964,1999,3,4,1486.0,1486,1486,1,3,7,2.0,480.0,167000
659,7,1976,1976,3,2,793.0,1142,1935,2,3,7,2.0,550.0,197900
660,8,1994,2005,2,2,1629.0,1686,2448,2,2,8,3.0,711.0,402000
661,6,1968,1968,3,1,1392.0,1392,1392,1,3,5,2.0,576.0,110000
662,4,1972,1972,3,2,1138.0,1181,1181,2,3,6,2.0,588.0,137500
663,8,2005,2006,2,0,2077.0,2097,2097,1,0,8,3.0,1134.0,423000
664,8,2000,2000,2,2,1406.0,1454,1936,2,2,7,2.0,504.0,230500
665,6,1965,1979,3,2,1021.0,1465,2380,2,3,7,2.0,596.0,129000
666,6,1994,1998,3,2,1408.0,1679,1679,2,2,7,2.0,575.0,193500
667,5,1956,1987,3,4,1188.0,1437,1437,1,3,6,2.0,576.0,168000
668,4,1922,1950,3,1,700.0,1180,1180,1,1,5,1.0,252.0,137500
669,6,2005,2005,2,2,738.0,738,1476,2,2,7,2.0,540.0,173500
670,6,1925,1950,3,4,672.0,697,1369,2,3,6,1.0,300.0,103600
671,6,1977,1977,2,2,1208.0,1208,1208,1,3,6,2.0,546.0,165000
672,6,1957,2004,3,4,1477.0,1839,1839,2,2,7,2.0,416.0,257500
673,6,1965,1965,3,4,1136.0,1136,1136,1,3,5,1.0,384.0,140000
674,6,1978,1978,3,4,855.0,855,1441,2,3,7,2.0,440.0,148500
675,4,1900,1950,3,4,1095.0,1095,1774,2,3,8,3.0,779.0,87000
676,5,1924,2006,2,4,768.0,792,792,1,2,5,1.0,240.0,109500
677,8,2008,2008,2,0,2046.0,2046,2046,2,2,7,3.0,834.0,372500
678,5,1961,1961,3,4,988.0,988,988,1,3,5,2.0,572.0,128500
679,6,1980,1980,3,2,923.0,923,923,2,3,5,1.0,264.0,143000
680,5,1932,2000,3,4,793.0,848,1520,1,3,6,1.0,281.0,159434
681,6,1996,1997,3,2,1291.0,1291,1291,1,2,6,2.0,431.0,173000
682,9,2002,2002,2,2,1626.0,1668,1668,2,2,7,3.0,702.0,285000
683,7,1998,1998,2,2,1195.0,1195,1839,2,3,7,2.0,486.0,221000
684,7,1984,1984,2,2,1190.0,1190,2090,2,2,6,2.0,577.0,207500
685,7,2007,2007,2,2,874.0,874,1761,3,2,7,2.0,578.0,227875
686,7,2004,2004,2,2,551.0,551,1102,2,2,4,2.0,480.0,148800
687,8,2007,2007,2,2,1419.0,1419,1419,2,2,7,2.0,567.0,392000
688,6,2005,2006,2,2,1362.0,1362,1362,2,2,6,2.0,460.0,194700
689,6,2004,2004,2,2,848.0,848,848,1,2,3,2.0,420.0,141000
690,10,1994,1995,0,0,2444.0,2444,4316,3,0,10,3.0,832.0,755000
691,7,1989,1990,2,2,1210.0,1238,2519,2,2,9,2.0,628.0,335000
692,5,1921,1968,3,4,1073.0,1073,1073,1,3,4,1.0,326.0,108480
693,5,1936,1950,3,4,927.0,1067,1539,1,3,5,2.0,576.0,141500
694,6,1987,1987,3,2,1112.0,1137,1137,2,2,5,2.0,551.0,176000
695,5,1921,1950,3,4,616.0,616,616,1,3,4,1.0,205.0,89000
696,5,1952,1952,3,0,980.0,1148,1148,1,3,6,1.0,308.0,123500
697,5,1965,2009,3,4,894.0,894,894,1,3,5,1.0,336.0,138500
698,7,2004,2004,2,2,1391.0,1391,1391,2,2,5,2.0,530.0,196000
699,8,2002,2002,2,0,1800.0,1800,1800,2,2,7,3.0,765.0,312500
700,7,1969,1969,3,4,1164.0,1164,1164,1,3,6,2.0,528.0,140000
701,8,2006,2006,0,0,1234.0,1264,2576,2,0,10,3.0,666.0,361919
702,5,1900,1996,3,2,360.0,1032,1812,2,2,8,2.0,672.0,140000
703,7,2004,2005,2,2,1473.0,1484,1484,2,2,7,2.0,606.0,213000
704,4,1930,1950,1,3,0.0,372,1092,2,1,7,0.0,0.0,55000
705,7,1971,2002,3,2,1643.0,1824,1824,2,2,5,2.0,739.0,302000
706,8,2006,2006,2,2,1324.0,1324,1324,2,2,6,2.0,550.0,254000
707,7,2007,2007,2,2,728.0,728,1456,2,2,8,2.0,400.0,179540
708,5,1966,1966,3,4,876.0,904,904,1,3,6,1.0,408.0,109900
709,3,1935,2003,2,4,270.0,729,729,1,3,5,0.0,0.0,52000
710,4,1900,1950,3,4,859.0,859,1178,1,3,7,1.0,384.0,102776
711,8,1988,1989,2,2,1228.0,1228,1228,2,2,5,2.0,472.0,189000
712,4,1970,1970,3,4,960.0,960,960,1,3,6,2.0,576.0,129000
713,6,1976,2005,2,4,725.0,725,1479,2,2,6,2.0,475.0,130500
714,6,1974,1974,3,2,1064.0,1350,1350,2,3,7,2.0,478.0,165000
715,7,1890,1998,3,4,718.0,1576,2554,1,3,8,2.0,704.0,159500
716,5,1973,2000,3,2,1176.0,1178,1178,1,2,5,2.0,439.0,157000
717,7,1993,1994,2,2,1311.0,1325,2418,2,2,9,3.0,983.0,341000
718,5,1969,1969,3,2,971.0,971,971,1,3,5,1.0,300.0,128500
719,8,1985,1985,2,2,1742.0,1742,1742,2,2,5,2.0,564.0,275000
720,6,2004,2004,2,2,848.0,848,848,1,2,3,2.0,420.0,143000
721,4,1970,1970,3,4,864.0,864,864,1,3,5,2.0,463.0,124500
722,4,1954,1972,3,4,941.0,997,1470,2,3,7,1.0,548.0,135000
723,9,2007,2008,0,0,1698.0,1698,1698,2,0,8,3.0,768.0,320000
724,4,1970,1970,3,4,864.0,864,864,1,2,5,2.0,660.0,120500
725,6,1988,2007,2,2,880.0,1680,1680,2,2,5,2.0,540.0,222000
726,7,2007,2007,2,2,1232.0,1232,1232,2,2,6,2.0,632.0,194500
727,5,1958,1958,3,4,1584.0,1776,1776,2,3,9,3.0,888.0,110000
728,4,1925,1950,3,4,780.0,848,1208,1,3,5,2.0,539.0,103000
729,8,1995,1996,2,2,1595.0,1616,1616,2,2,5,2.0,608.0,236500
730,7,2003,2003,2,0,868.0,1146,1146,2,2,6,2.0,438.0,187500
731,7,1998,1999,2,2,1153.0,1153,2031,2,2,8,2.0,541.0,222500
732,5,1961,1983,3,4,864.0,1144,1144,1,3,6,1.0,264.0,131400
733,5,1968,1968,3,4,948.0,948,948,1,3,6,1.0,300.0,108000
734,7,1914,1970,3,2,880.0,880,1768,1,3,6,2.0,320.0,163000
735,3,1950,1950,3,3,0.0,1040,1040,2,3,6,2.0,400.0,93500
736,8,2005,2005,2,2,893.0,901,1801,2,2,8,3.0,800.0,239900
737,5,1987,1988,3,2,1200.0,1200,1200,3,3,5,0.0,0.0,179000
738,7,2004,2004,2,2,864.0,864,1728,2,2,7,2.0,572.0,190000
739,5,1910,2002,3,1,264.0,768,1432,2,3,7,2.0,360.0,132000
740,6,1961,1996,3,4,912.0,912,912,1,2,5,1.0,288.0,142000
741,7,2000,2001,3,2,1349.0,1349,1349,2,3,6,2.0,539.0,179000
742,5,1963,1999,3,2,520.0,1464,1464,2,3,6,2.0,480.0,175000
743,8,1993,1993,2,2,1337.0,1337,1337,2,2,5,2.0,462.0,180000
744,8,1976,1996,0,4,1142.0,1175,2715,3,2,11,2.0,831.0,299800
745,7,2000,2000,2,2,952.0,980,2256,2,2,8,2.0,554.0,236000
746,7,1880,2003,2,4,1240.0,1320,2640,1,2,8,4.0,864.0,265979
747,7,1996,1996,2,2,1720.0,1720,1720,2,2,7,2.0,527.0,260400
748,4,1945,1950,3,3,0.0,1088,1529,2,3,9,1.0,240.0,98000
749,4,1910,2004,3,4,576.0,792,1140,1,3,7,0.0,0.0,96500
750,7,2003,2003,2,2,660.0,660,1320,2,2,6,2.0,400.0,162000
751,6,1997,1997,3,2,1479.0,1494,1494,2,2,6,2.0,576.0,217000
752,8,2005,2005,2,2,1030.0,1038,2098,2,0,8,3.0,878.0,275500
753,6,1969,2005,3,4,1026.0,1026,1026,1,2,5,2.0,440.0,156000
754,6,1999,1999,3,2,729.0,742,1471,2,3,6,2.0,440.0,172500
755,8,2007,2007,2,2,866.0,866,1768,2,2,7,2.0,578.0,212000
756,6,1978,1978,3,4,672.0,672,1386,2,3,6,2.0,440.0,158900
757,7,1999,1999,3,2,744.0,757,1501,2,3,6,2.0,440.0,179400
758,8,1995,1995,2,2,1318.0,1328,2531,2,2,9,3.0,752.0,290000
759,6,1959,1959,3,4,864.0,864,864,1,3,5,1.0,300.0,127500
760,5,1924,1950,3,4,1145.0,1301,1301,1,1,5,2.0,440.0,100000
761,7,2009,2009,3,2,756.0,764,1547,2,2,7,2.0,614.0,215200
762,8,1999,1999,2,2,1252.0,1268,2365,2,2,8,3.0,856.0,337000
763,8,1995,1996,2,2,1494.0,1494,1494,1,0,6,2.0,481.0,270000
764,9,2008,2008,2,2,1498.0,1506,1506,2,0,6,2.0,592.0,264132
765,7,1988,1988,3,2,980.0,980,1714,2,3,7,2.0,496.0,196500
766,6,1940,1985,3,2,983.0,983,1750,2,3,7,1.0,423.0,160000
767,7,2004,2005,2,2,1860.0,1836,1836,2,2,8,2.0,484.0,216837
768,8,2003,2003,0,2,1650.0,1690,3279,3,0,12,3.0,841.0,538000
769,5,1982,1982,3,2,858.0,858,858,1,3,5,2.0,576.0,134900
770,4,1951,1951,3,1,836.0,1220,1220,1,3,6,2.0,396.0,102000
771,6,1976,1976,3,4,1029.0,1117,1117,1,3,6,2.0,672.0,107000
772,5,1958,1958,3,4,912.0,912,912,1,3,5,1.0,275.0,114500
773,8,2006,2006,2,2,1935.0,1973,1973,2,2,9,3.0,895.0,395000
774,6,1998,1998,3,0,1204.0,1204,1204,2,3,5,2.0,412.0,162000
775,7,2005,2006,2,2,1614.0,1614,1614,2,2,7,3.0,865.0,221500
776,5,1974,1974,3,4,864.0,894,894,1,3,5,2.0,440.0,142500
777,5,1977,1977,3,3,0.0,2020,2020,2,3,10,2.0,630.0,144000
778,6,1977,1977,3,2,975.0,1004,1004,1,3,4,2.0,504.0,135000
779,7,1995,1996,3,2,1237.0,1253,1253,2,3,6,2.0,402.0,176000
780,6,1992,1992,2,2,761.0,810,1603,2,2,7,2.0,484.0,175900
781,7,2001,2002,2,2,1413.0,1430,1430,2,2,6,2.0,605.0,187100
782,5,1978,1978,3,2,1097.0,1110,1110,1,2,4,2.0,602.0,165500
783,6,1914,2001,3,4,742.0,742,1484,2,3,9,0.0,0.0,128000
784,6,1967,1967,3,4,1372.0,1342,1342,2,3,7,2.0,457.0,161500
785,5,1915,1950,3,1,686.0,966,1652,2,3,7,1.0,416.0,139000
786,7,2004,2004,2,2,956.0,956,2084,2,2,8,2.0,618.0,233000
787,4,1954,2000,3,4,901.0,901,901,1,3,4,1.0,281.0,107900
788,6,1966,2007,3,4,832.0,976,2087,2,2,9,2.0,444.0,187500
789,7,2005,2006,2,2,1145.0,1145,1145,2,2,5,2.0,397.0,160200
790,6,1976,1976,3,2,1029.0,1062,1062,1,3,5,2.0,539.0,146800
791,7,1996,1997,2,2,1117.0,1127,2013,2,3,8,2.0,455.0,269790
792,8,2007,2007,2,2,1496.0,1496,1496,2,2,7,2.0,474.0,225000
793,7,1994,1996,2,2,712.0,1086,1895,2,2,7,2.0,409.0,194500
794,6,1980,1981,3,2,650.0,888,1564,2,3,7,2.0,476.0,171000
795,6,1977,1977,3,4,660.0,1285,1285,1,3,7,2.0,528.0,143500
796,5,1953,1953,3,4,773.0,773,773,1,3,4,1.0,240.0,110000
797,9,2008,2009,0,0,1926.0,1966,3140,3,0,11,3.0,820.0,485000
798,5,1937,1950,3,2,731.0,981,1768,1,2,7,1.0,240.0,175000
799,6,1997,1997,3,2,616.0,616,1688,2,2,8,2.0,603.0,200000
800,4,1916,1990,3,4,1196.0,1196,1196,1,3,5,2.0,440.0,109900
801,7,2005,2005,2,2,728.0,728,1456,2,2,7,2.0,410.0,189000
802,9,2008,2009,0,0,1734.0,1734,2822,3,0,12,3.0,1020.0,582933
803,5,1954,1954,3,4,936.0,1128,1128,1,3,5,1.0,286.0,118000
804,7,2008,2008,2,2,1417.0,1428,1428,2,0,6,2.0,554.0,227680
805,5,1967,1967,3,4,980.0,980,980,2,3,6,1.0,384.0,135500
806,5,1923,2004,3,4,1324.0,1072,1576,1,2,6,2.0,528.0,223500
807,5,1966,1966,3,4,1024.0,1086,1086,1,3,6,2.0,484.0,159950
808,5,1898,1965,3,4,849.0,1075,2138,2,3,11,2.0,360.0,106000
809,6,1974,1999,3,4,1040.0,1309,1309,1,2,5,2.0,484.0,181000
810,6,2004,2004,2,2,848.0,848,848,1,2,4,2.0,420.0,144500
811,5,1952,1952,1,4,540.0,1044,1044,1,1,4,2.0,504.0,55993
812,6,1958,1958,3,4,1442.0,1442,1442,1,3,7,1.0,301.0,157900
813,5,1918,1950,3,4,686.0,686,1250,1,1,7,1.0,280.0,116000
814,7,1998,1998,3,2,1649.0,1661,1661,2,2,6,2.0,598.0,224900
815,5,1954,1954,3,4,1008.0,1008,1008,1,3,4,1.0,275.0,137000
816,8,2002,2002,2,2,1568.0,1689,1689,2,2,7,3.0,857.0,271000
817,6,1971,1971,3,4,1010.0,1052,1052,1,3,6,2.0,440.0,155000
818,7,2009,2010,2,2,1358.0,1358,1358,2,2,6,2.0,484.0,224000
819,7,2003,2003,2,2,798.0,798,1640,2,2,6,2.0,595.0,183000
820,4,1953,1953,1,1,936.0,936,936,1,3,4,2.0,576.0,93000
821,7,2003,2003,2,2,847.0,847,1733,2,2,7,2.0,433.0,225000
822,6,1940,1950,3,4,778.0,944,1489,2,3,7,1.0,240.0,139500
823,8,2006,2006,2,2,1489.0,1489,1489,2,2,7,2.0,776.0,232600
824,10,2007,2008,0,0,2078.0,2084,2084,2,0,7,3.0,1220.0,385000
825,5,1924,1950,3,4,784.0,784,784,1,2,5,0.0,0.0,109500
826,7,2001,2001,2,2,1454.0,1434,1434,2,2,6,2.0,527.0,189000
827,5,1967,1967,3,4,1013.0,1160,2126,2,3,7,2.0,538.0,185000
828,7,2005,2005,2,2,600.0,520,1223,2,2,4,2.0,480.0,147400
829,6,1957,1957,3,4,1392.0,1392,1392,1,3,6,2.0,458.0,166000
830,7,2005,2005,3,2,600.0,520,1200,2,2,4,2.0,480.0,151000
831,7,2003,2003,2,2,941.0,941,1829,2,2,7,2.0,613.0,237000
832,6,1964,1964,3,4,1516.0,1516,1516,1,3,6,2.0,472.0,167000
833,5,1961,1961,3,4,1144.0,1144,1144,1,3,6,2.0,456.0,139950
834,4,1950,1995,3,2,1067.0,1067,1067,2,2,4,2.0,436.0,128000
835,5,1948,1973,3,4,1559.0,1559,1559,1,3,5,2.0,812.0,153500
836,6,1973,1973,3,4,483.0,483,987,1,3,5,1.0,264.0,100000
837,5,1995,2006,3,2,1099.0,1099,1099,1,2,6,1.0,352.0,144000
838,5,1946,1995,3,4,768.0,768,1200,1,3,6,1.0,240.0,130500
839,6,1925,1950,3,4,672.0,810,1482,2,1,7,1.0,400.0,140000
840,5,1904,2002,3,4,650.0,958,1539,2,2,8,2.0,686.0,157500
841,6,1966,1966,3,4,1127.0,1165,1165,1,3,6,2.0,490.0,174900
842,5,1961,1961,3,4,1800.0,1800,1800,2,3,10,0.0,0.0,141000
843,5,1915,1950,3,4,876.0,876,1416,1,3,7,3.0,720.0,153900
844,5,1975,1981,3,2,1390.0,1701,1701,2,3,6,2.0,611.0,171000
845,7,1993,1993,2,2,740.0,1006,1775,2,2,7,2.0,425.0,213000
846,5,1972,1972,3,4,864.0,864,864,1,3,5,1.0,338.0,133500
847,6,1908,1997,3,4,907.0,1307,2358,3,3,10,2.0,360.0,240000
848,6,1976,1994,2,4,528.0,1094,1855,2,3,7,2.0,512.0,187000
849,6,2003,2003,2,2,848.0,848,848,1,2,3,2.0,420.0,131500
850,8,2003,2003,2,2,1273.0,1456,1456,2,2,7,2.0,400.0,215000
851,7,1941,1950,3,4,918.0,918,1646,2,3,7,1.0,240.0,164000
852,6,1964,1964,3,4,1127.0,1445,1445,1,3,7,2.0,645.0,158000
853,5,1955,1974,3,4,1763.0,1779,1779,1,3,6,2.0,454.0,170000
854,5,1962,2010,3,4,1040.0,1040,1040,1,3,6,1.0,260.0,127000
855,6,1978,1978,3,2,940.0,1026,1026,1,3,5,2.0,576.0,147000
856,6,1994,1995,3,2,702.0,702,1481,2,3,6,2.0,343.0,174000
857,7,1976,1976,3,2,1090.0,1370,1370,2,3,6,2.0,479.0,152000
858,6,1968,1984,3,4,1054.0,1512,2654,2,2,9,2.0,619.0,250000
859,7,1918,1998,2,4,912.0,912,1426,1,2,7,1.0,216.0,189950
860,5,1965,1965,3,4,1039.0,1039,1039,1,3,6,2.0,504.0,131500
861,6,1984,1985,3,2,1040.0,1097,1097,2,3,6,2.0,480.0,152000
862,5,1959,1959,3,4,1148.0,1148,1148,1,3,6,1.0,672.0,132500
863,7,2007,2008,2,0,1372.0,1372,1372,2,2,6,2.0,529.0,250580
864,5,1970,1970,3,4,1002.0,1002,1002,1,3,5,2.0,902.0,148500
865,8,2006,2007,2,2,1638.0,1646,1646,2,2,6,3.0,870.0,248900
866,4,1961,1961,3,4,1040.0,1120,1120,1,1,5,2.0,544.0,129000
867,5,1948,1950,3,3,0.0,1547,2320,2,3,7,2.0,672.0,169000
868,7,1993,1994,2,2,1050.0,1062,1949,2,2,8,2.0,574.0,236000
869,5,1962,1962,3,4,894.0,894,894,1,3,5,1.0,308.0,109500
870,6,1998,1998,3,2,804.0,804,1682,2,2,7,2.0,523.0,200500
871,5,1953,1996,2,4,105.0,910,910,1,2,5,2.0,414.0,116000
872,5,1949,1950,2,4,832.0,1036,1268,1,3,6,1.0,288.0,133000
873,5,1941,1950,3,4,676.0,676,1131,1,3,5,1.0,200.0,66500
874,8,2007,2007,2,2,1184.0,1184,2610,2,0,11,2.0,550.0,303477
875,4,1963,1963,3,4,1064.0,1040,1040,1,3,5,2.0,648.0,132250
876,9,2004,2005,2,0,1462.0,1462,2224,2,0,10,3.0,738.0,350000
877,5,1961,1995,3,4,1109.0,1155,1155,1,2,6,2.0,576.0,148000
878,5,1978,2005,2,4,864.0,864,864,1,3,6,1.0,336.0,136500
879,5,2005,2006,3,0,1090.0,1090,1090,1,3,5,2.0,450.0,157000
880,7,1990,1991,2,2,1156.0,1187,1717,2,2,7,2.0,400.0,187500
881,6,1992,1993,3,2,808.0,808,1593,2,3,7,2.0,389.0,178000
882,4,1912,1950,2,4,795.0,954,2230,1,3,10,1.0,440.0,118500
883,5,1967,1967,3,4,892.0,892,892,1,3,5,1.0,288.0,100000
884,9,1999,2000,2,0,1698.0,1709,1709,2,2,5,2.0,506.0,328900
885,5,1959,2005,3,4,1626.0,1712,1712,2,3,8,2.0,588.0,145000
886,5,1955,1955,3,4,816.0,872,1393,1,3,8,1.0,300.0,135500
887,8,1970,1970,2,4,2217.0,2217,2217,2,2,8,2.0,621.0,268000
888,6,1953,1953,3,4,1505.0,1505,1505,1,3,6,2.0,505.0,149500
889,5,1949,2006,3,4,672.0,672,924,1,3,6,2.0,576.0,122900
890,6,1978,1978,3,4,918.0,918,1683,2,3,7,2.0,440.0,172500
891,6,1963,2003,3,4,1059.0,1068,1068,1,3,6,1.0,264.0,154500
892,5,1954,1954,3,2,1383.0,1383,1383,1,3,6,1.0,354.0,165000
893,5,1979,1979,3,3,0.0,1535,1535,2,3,8,2.0,400.0,118858
894,6,1963,1963,3,4,780.0,983,1796,1,3,8,2.0,483.0,140000
895,4,1936,1950,3,4,951.0,951,951,1,3,6,1.0,327.0,106500
896,5,1979,1979,3,3,0.0,1120,2240,2,3,12,2.0,528.0,142953
897,9,2009,2010,0,0,2330.0,2364,2364,2,0,11,3.0,820.0,611657
898,5,1961,1994,3,4,912.0,1236,1236,1,3,6,1.0,288.0,135000
899,4,1971,1971,3,4,858.0,858,858,1,3,4,1.0,684.0,110000
900,5,1957,2000,3,4,992.0,1306,1306,1,3,5,1.0,756.0,153000
901,7,2003,2003,2,2,783.0,807,1509,2,2,8,2.0,393.0,180000
902,7,2006,2006,2,2,1670.0,1670,1670,2,2,7,3.0,690.0,240000
903,5,1967,1967,3,4,876.0,902,902,1,3,6,1.0,288.0,125500
904,5,1954,1954,3,4,1056.0,1063,1063,1,3,6,1.0,280.0,128000
905,8,2006,2006,2,2,1623.0,1636,1636,2,2,8,3.0,865.0,255000
906,7,1936,1987,2,2,1017.0,1020,2057,1,2,6,1.0,180.0,250000
907,5,1983,1983,3,2,864.0,902,902,1,3,5,2.0,484.0,131000
908,6,2005,2005,2,2,742.0,742,1484,2,2,8,2.0,390.0,174000
909,5,1960,1960,3,4,1105.0,1105,2274,2,3,12,2.0,480.0,154300
910,5,1977,1989,3,2,1268.0,1268,1268,1,2,5,1.0,252.0,143500
911,5,1925,1950,3,4,768.0,1015,1015,1,3,6,1.0,450.0,88000
912,5,1949,1950,3,4,1001.0,1001,2002,2,3,8,3.0,871.0,145000
913,6,2009,2009,2,2,612.0,612,1224,2,2,4,2.0,528.0,173733
914,4,1970,1970,3,4,546.0,546,1092,1,3,6,1.0,286.0,75000
915,2,1949,1950,3,4,480.0,480,480,0,3,4,1.0,308.0,35311
916,4,1956,1956,3,4,1134.0,1229,1229,1,3,6,1.0,284.0,135000
917,7,1991,1991,2,0,1104.0,912,2127,2,2,8,3.0,833.0,238000
918,6,1958,2002,0,2,1184.0,1414,1414,1,3,6,2.0,601.0,176500
919,6,1994,1994,2,2,928.0,936,1721,2,2,7,2.0,471.0,201000
920,5,1900,2003,3,4,1272.0,1272,2200,2,3,9,0.0,0.0,145900
921,6,2005,2006,2,2,1316.0,1316,1316,2,2,6,2.0,397.0,169990
922,6,1993,1994,2,2,1604.0,1617,1617,2,2,5,2.0,533.0,193000
923,6,1980,1980,3,2,1686.0,1686,1686,2,3,7,2.0,612.0,207500
924,5,1977,1977,3,2,1126.0,1126,1126,2,0,6,2.0,540.0,175000
925,8,2003,2004,2,2,1181.0,1234,2374,2,0,10,3.0,656.0,285000
926,7,1968,1968,3,4,832.0,1098,1978,2,3,9,2.0,486.0,176000
927,8,2001,2001,2,2,1753.0,1788,1788,2,0,7,2.0,522.0,236500
928,7,1997,1997,3,2,964.0,993,2236,2,2,8,2.0,642.0,222000
929,8,2007,2007,2,2,1466.0,1466,1466,2,2,7,3.0,610.0,201000
930,5,1965,1965,3,4,925.0,925,925,1,3,5,1.0,429.0,117500
931,9,2006,2006,0,0,1905.0,1905,1905,2,0,8,3.0,788.0,320000
932,7,2004,2004,2,2,1500.0,1500,1500,2,2,6,2.0,570.0,190000
933,7,1960,2007,3,2,585.0,2069,2069,2,2,9,2.0,505.0,242000
934,4,1926,1953,3,1,600.0,747,747,1,3,5,2.0,528.0,79900
935,7,2003,2003,2,2,1176.0,1200,1200,2,2,5,2.0,555.0,184900
936,7,2005,2005,2,2,1113.0,1113,1971,2,2,8,2.0,689.0,253000
937,7,2006,2006,2,2,1391.0,1391,1962,2,2,7,3.0,868.0,239799
938,7,1940,1950,3,4,1032.0,1207,2403,2,3,10,1.0,349.0,244400
939,6,1976,1976,3,4,1728.0,1728,1728,2,3,8,2.0,574.0,150900
940,7,1999,1999,2,2,992.0,1022,2060,2,2,8,2.0,390.0,214000
941,4,1977,1977,3,2,1440.0,1440,1440,2,3,8,0.0,0.0,150000
942,5,1967,1967,3,4,1632.0,1632,1632,2,3,8,2.0,576.0,143000
943,6,1958,1958,3,4,819.0,1344,1344,1,2,7,2.0,525.0,137500
944,5,1890,1996,3,4,1088.0,1188,1869,1,3,7,2.0,456.0,124900
945,5,1959,1959,3,4,1144.0,1144,1144,1,3,6,1.0,796.0,143000
946,8,2002,2003,2,2,1616.0,1629,1629,2,2,9,3.0,808.0,270000
947,7,2002,2002,2,2,936.0,936,1776,2,2,7,2.0,474.0,192500
948,6,1972,2006,3,4,1161.0,1381,1381,1,2,5,2.0,676.0,197500
949,5,1950,2002,3,4,864.0,864,864,1,2,5,2.0,720.0,129000
950,5,1965,1965,3,4,828.0,965,965,1,3,6,1.0,300.0,119900
951,5,1972,2003,3,2,768.0,768,768,1,3,5,1.0,396.0,133900
952,5,1969,1969,3,4,784.0,1168,1968,2,3,7,2.0,530.0,172000
953,6,1975,1975,3,2,945.0,980,980,2,3,4,0.0,0.0,127500
954,6,1946,1950,3,2,979.0,979,1958,2,3,8,2.0,492.0,145000
955,6,1980,1980,3,2,561.0,561,1229,1,3,5,2.0,462.0,124000
956,5,1962,1962,3,4,1057.0,1057,1057,1,3,6,2.0,576.0,132000
957,7,2003,2003,2,2,1337.0,1337,1337,2,2,6,2.0,531.0,185000
958,7,1999,1999,2,2,696.0,696,1416,2,2,6,2.0,484.0,155000
959,5,1958,2008,3,4,858.0,858,858,1,3,4,0.0,0.0,116500
960,6,1977,1995,3,2,1330.0,1542,2872,2,3,11,2.0,619.0,272000
961,6,1976,1976,3,2,804.0,804,1548,2,2,7,2.0,440.0,155000
962,9,2007,2007,2,0,1800.0,1800,1800,2,0,7,2.0,702.0,239000
963,7,2002,2003,2,2,817.0,824,1894,2,2,8,2.0,510.0,214900
964,6,2005,2007,2,2,783.0,783,1484,2,2,8,2.0,393.0,178900
965,5,1940,1950,2,4,728.0,976,1308,1,3,7,1.0,256.0,160000
966,5,1955,1955,3,4,1098.0,1098,1098,1,3,6,1.0,260.0,135000
967,3,1910,1950,3,4,600.0,600,968,1,3,6,0.0,0.0,37900
968,6,1958,1958,3,4,588.0,1095,1095,1,3,6,1.0,264.0,140000
969,4,1949,1950,3,4,720.0,720,1192,1,3,6,0.0,0.0,135000
970,7,2003,2004,2,2,764.0,764,1626,2,2,6,2.0,474.0,173000
971,6,1979,1979,3,2,918.0,918,918,2,3,5,1.0,264.0,99500
972,7,2007,2008,2,2,1428.0,1428,1428,2,2,6,2.0,480.0,182000
973,7,1910,1993,3,2,728.0,1136,2019,1,2,8,2.0,532.0,167500
974,7,2000,2000,2,2,673.0,673,1382,2,2,6,2.0,490.0,165000
975,4,1923,1958,3,2,440.0,869,869,1,1,4,0.0,0.0,85500
976,7,2006,2007,2,2,1241.0,1241,1241,1,2,4,2.0,569.0,199900
977,4,1954,1954,3,4,894.0,894,894,1,3,5,2.0,400.0,110000
978,5,1963,1963,3,4,1121.0,1121,1121,1,3,5,2.0,480.0,139000
979,7,1961,2007,0,4,944.0,999,999,1,0,6,2.0,588.0,178400
980,8,1998,1999,2,2,1225.0,1276,2612,2,2,8,3.0,676.0,336000
981,7,2007,2007,2,2,1266.0,1266,1266,2,2,6,2.0,388.0,159895
982,8,2002,2002,2,2,1128.0,1149,2290,2,2,9,2.0,779.0,255900
983,5,1977,1977,3,3,0.0,1302,1734,2,2,8,2.0,539.0,126000
984,5,1950,1950,3,4,1164.0,1164,1164,1,3,5,1.0,240.0,125000
985,6,1910,2003,3,4,485.0,1001,1635,1,2,5,1.0,255.0,117000
986,9,2009,2010,0,0,1930.0,1940,1940,2,0,8,3.0,606.0,395192
987,6,1976,1976,3,4,848.0,1118,2030,2,2,8,2.0,551.0,195000
988,7,2006,2006,2,2,770.0,778,1576,2,2,6,2.0,614.0,197000
989,8,1997,1998,2,2,1396.0,1407,2392,2,2,7,3.0,870.0,348000
990,8,1882,1986,2,4,916.0,916,1742,1,2,8,2.0,424.0,168000
991,6,1964,1993,3,4,822.0,1020,1851,2,2,7,2.0,440.0,187000
992,6,2005,2006,3,2,750.0,750,1500,2,2,6,2.0,564.0,173900
993,10,2006,2007,0,0,1700.0,1718,1718,2,0,7,3.0,786.0,337500
994,4,1946,1950,3,4,747.0,774,1230,1,3,5,1.0,305.0,121600
995,5,1961,1961,3,4,1050.0,1050,1050,1,3,6,1.0,368.0,136500
996,6,1970,1970,3,4,1442.0,1442,1442,2,3,6,2.0,615.0,185000
997,3,1922,1950,3,4,1007.0,1077,1077,1,3,6,1.0,210.0,91000
998,7,2006,2006,2,2,1187.0,1208,1208,2,2,6,2.0,632.0,206000
999,3,1952,1952,3,3,0.0,944,944,1,1,4,2.0,528.0,82000
1000,5,1920,1950,3,1,691.0,691,691,1,0,4,1.0,216.0,86000
1001,8,2006,2006,2,2,1574.0,1574,1574,2,2,7,3.0,824.0,232000
1002,5,1976,1976,3,4,1680.0,1680,1680,2,3,8,2.0,528.0,136905
1003,7,2005,2006,2,2,1346.0,1504,1504,2,2,7,2.0,457.0,181000
1004,5,1977,1977,2,2,985.0,985,985,2,3,6,1.0,328.0,149900
1005,6,1970,1970,3,2,1657.0,1657,1657,2,3,7,2.0,484.0,163500
1006,4,1970,1970,3,4,546.0,546,1092,1,3,6,1.0,286.0,88000
1007,7,2004,2005,2,0,1710.0,1710,1710,2,2,7,2.0,550.0,240000
1008,5,1926,1950,3,4,1008.0,1008,1522,2,3,7,0.0,0.0,102000
1009,5,1948,1950,3,4,720.0,720,1271,2,3,7,1.0,312.0,135000
1010,5,1965,1965,3,3,0.0,1664,1664,2,3,8,0.0,0.0,100000
1011,6,1923,1996,3,4,602.0,900,1502,1,2,7,1.0,180.0,165000
1012,5,1910,2006,3,4,1022.0,1022,1022,1,3,4,1.0,280.0,85000
1013,6,1948,1950,3,4,1082.0,1082,1082,1,3,5,1.0,240.0,119200
1014,8,2001,2001,2,2,810.0,810,1665,2,2,6,2.0,528.0,227000
1015,7,1996,1996,2,2,1504.0,1504,1504,2,2,6,2.0,478.0,203000
1016,8,1984,1984,2,2,1220.0,1360,1360,1,2,4,2.0,565.0,187500
1017,7,1991,1992,2,2,384.0,802,1472,2,2,7,2.0,402.0,160000
1018,7,2005,2005,2,2,1362.0,1506,1506,2,2,6,2.0,440.0,213490
1019,4,2005,2005,3,2,1132.0,1132,1132,1,2,5,2.0,451.0,176000
1020,7,2006,2006,2,2,1199.0,1220,1220,2,2,6,2.0,632.0,194000
1021,5,1930,1950,3,4,912.0,912,1248,1,3,6,1.0,160.0,87000
1022,7,2005,2006,2,2,1346.0,1504,1504,2,2,7,2.0,437.0,191000
1023,8,1976,1976,2,2,1565.0,2898,2898,2,2,10,2.0,665.0,287000
1024,5,1972,1972,3,4,882.0,882,882,1,3,5,2.0,461.0,112500
1025,5,1960,1960,3,4,1268.0,1264,1264,1,3,6,2.0,461.0,167500
1026,8,2007,2008,2,2,1638.0,1646,1646,2,2,7,3.0,800.0,293077
1027,5,1941,1950,3,4,768.0,968,1376,1,3,6,1.0,240.0,105000
1028,6,1972,1972,3,4,672.0,672,1218,1,3,7,1.0,264.0,118000
1029,5,1916,1995,3,4,686.0,948,1928,2,3,10,0.0,0.0,160000
1030,7,1920,1970,3,4,824.0,1687,3082,2,3,12,2.0,672.0,197000
1031,8,1993,1993,2,2,1338.0,1352,2520,2,2,10,3.0,796.0,310000
1032,7,2002,2002,2,2,1654.0,1654,1654,2,2,6,3.0,900.0,230000
1033,5,1938,1950,3,1,920.0,954,954,1,1,5,1.0,240.0,119750
1034,4,1957,1957,3,3,0.0,845,845,1,3,5,1.0,290.0,84000
1035,9,2007,2008,2,0,1620.0,1620,1620,2,0,6,3.0,912.0,315500
1036,8,2001,2002,2,2,1055.0,1055,2263,2,2,7,2.0,905.0,287000
1037,4,1970,2008,3,4,546.0,798,1344,1,3,6,0.0,0.0,97000
1038,4,1970,1970,3,2,630.0,630,630,1,3,3,1.0,286.0,80000
1039,5,1957,2000,3,4,1134.0,1803,1803,2,3,8,2.0,484.0,155000
1040,6,1966,2000,3,4,800.0,800,1632,1,2,7,2.0,484.0,173000
1041,6,2005,2005,2,2,1306.0,1306,1306,2,2,5,2.0,624.0,196000
1042,7,1990,1990,3,2,1475.0,1532,2329,2,2,10,2.0,514.0,262280
1043,8,1981,1981,2,2,2524.0,2524,2524,2,2,9,2.0,542.0,278000
1044,3,1955,1955,3,3,0.0,1733,1733,2,3,8,2.0,452.0,139600
1045,9,2005,2006,2,0,1992.0,1992,2868,3,0,11,3.0,716.0,556581
1046,5,1994,1995,3,2,990.0,990,990,1,3,5,2.0,672.0,145000
1047,5,1960,2006,3,3,0.0,1771,1771,1,3,9,2.0,336.0,115000
1048,4,1946,2006,3,3,0.0,930,930,1,2,6,1.0,308.0,84900
1049,7,2007,2007,2,2,1302.0,1302,1302,2,2,6,2.0,436.0,176485
1050,7,2007,2007,2,2,1316.0,1316,1316,2,2,6,2.0,440.0,200141
1051,6,1964,1978,3,4,816.0,1127,1977,1,3,9,2.0,540.0,165000
1052,5,1957,2002,3,4,1216.0,1526,1526,1,3,7,1.0,364.0,144500
1053,8,2002,2002,2,2,1065.0,1091,1989,2,2,7,2.0,586.0,255000
1054,6,1976,1976,3,2,1193.0,1523,1523,2,3,7,2.0,478.0,180000
1055,7,2005,2005,2,2,1364.0,1364,1364,2,2,6,2.0,484.0,185850
1056,7,1994,1994,2,2,973.0,979,1850,2,2,7,2.0,467.0,248000
1057,9,2008,2008,0,0,1104.0,1130,2184,2,0,10,3.0,836.0,335000
1058,6,1932,1950,3,4,854.0,1096,1991,1,3,7,2.0,432.0,220000
1059,8,2001,2001,2,2,1338.0,1338,1338,2,2,6,2.0,582.0,213500
1060,3,1935,1950,1,4,894.0,894,894,1,3,6,3.0,1248.0,81000
1061,5,1900,1950,3,4,662.0,1422,2337,2,3,10,2.0,560.0,90000
1062,6,1925,1980,3,4,1103.0,1103,1103,1,2,5,2.0,440.0,110500
1063,5,1966,1966,3,4,1154.0,1154,1154,1,3,6,2.0,480.0,154000
1064,7,1996,1997,2,0,1306.0,1306,2260,2,2,7,2.0,533.0,328000
1065,6,1993,1994,2,2,799.0,799,1571,2,3,7,2.0,380.0,178000
1066,6,1964,1964,3,4,780.0,798,1611,1,3,7,2.0,442.0,167900
1067,6,1973,1973,3,2,942.0,1291,2521,2,3,10,2.0,576.0,151400
1068,5,1949,2003,3,4,845.0,893,893,1,2,4,2.0,576.0,135000
1069,5,1956,1956,3,4,1048.0,1048,1048,1,3,6,1.0,286.0,135000
1070,6,1968,1968,3,4,727.0,829,1556,1,3,8,2.0,441.0,154000
1071,5,1948,1950,3,1,810.0,1002,1456,1,3,7,1.0,280.0,91500
1072,6,1977,1977,3,4,690.0,698,1426,1,3,6,2.0,440.0,159500
1073,7,2006,2006,2,2,1240.0,1240,1240,2,2,5,3.0,826.0,194000
1074,7,1940,1984,3,4,800.0,960,1740,1,3,6,1.0,240.0,219500
1075,5,1936,1989,3,1,796.0,1096,1466,2,2,7,2.0,566.0,170000
1076,5,1969,1969,3,4,1096.0,1096,1096,1,3,6,1.0,299.0,138800
1077,6,2004,2004,2,2,848.0,848,848,1,2,3,2.0,420.0,155900
1078,5,1994,1994,3,2,990.0,990,990,1,3,5,1.0,299.0,126000
1079,6,1971,2004,2,4,1258.0,1258,1258,2,2,5,2.0,528.0,145000
1080,5,1963,1963,3,4,1040.0,1040,1040,1,3,5,1.0,308.0,133000
1081,7,2002,2002,2,2,1459.0,1459,1459,2,2,6,2.0,527.0,192000
1082,6,1964,1964,3,4,1251.0,1251,1251,1,3,6,1.0,461.0,160000
1083,6,1995,1996,3,2,691.0,691,1498,2,3,6,2.0,409.0,187500
1084,6,1992,1992,3,2,936.0,996,996,1,2,5,2.0,564.0,147000
1085,4,1973,1973,3,4,546.0,546,1092,1,3,6,1.0,286.0,83500
1086,8,2005,2006,2,2,1082.0,1082,1953,2,2,9,3.0,1043.0,252000
1087,7,2004,2004,2,2,970.0,970,1709,2,2,7,2.0,380.0,137500
1088,8,2005,2005,2,2,1247.0,1247,1247,1,2,4,2.0,550.0,197000
1089,3,1950,1950,3,3,0.0,1040,1040,2,3,6,2.0,400.0,92900
1090,7,1999,2000,2,2,600.0,624,1252,2,2,4,2.0,462.0,160000
1091,6,1925,1950,3,4,1181.0,1390,1694,2,3,7,2.0,576.0,136500
1092,5,1965,1998,3,4,864.0,1200,1200,1,2,6,2.0,884.0,146000
1093,5,1956,2000,3,4,936.0,936,936,1,3,4,1.0,308.0,129000
1094,6,2006,2006,2,2,1314.0,1314,1314,2,2,6,2.0,440.0,176432
1095,6,1914,2006,3,4,684.0,773,1355,1,2,7,0.0,0.0,127000
1096,8,1986,1986,2,2,1074.0,1088,1088,1,2,5,2.0,461.0,170000
1097,4,1936,1950,3,4,672.0,757,1324,1,3,6,1.0,240.0,128000
1098,7,1978,1978,3,2,1271.0,1601,1601,2,3,7,2.0,478.0,157000
1099,2,1920,1950,3,4,290.0,438,438,1,1,3,1.0,246.0,60000
1100,5,1971,1971,3,4,950.0,950,950,1,3,5,1.0,280.0,119500
1101,5,1960,2002,3,4,1010.0,1134,1134,1,3,6,1.0,254.0,135000
1102,6,1959,1959,3,4,655.0,1194,1194,1,3,6,2.0,539.0,159500
1103,5,1970,1970,3,4,630.0,630,1302,2,3,6,2.0,440.0,106000
1104,8,1994,1995,2,0,1463.0,1500,2622,2,2,9,2.0,712.0,325000
1105,7,1990,1991,2,2,910.0,1442,1442,2,2,6,2.0,719.0,179900
1106,7,2006,2006,2,0,868.0,887,2021,2,2,9,2.0,422.0,274725
1107,6,2000,2000,3,2,924.0,948,1690,2,3,7,2.0,463.0,181000
1108,8,2004,2005,2,0,1836.0,1836,1836,2,2,7,3.0,862.0,280000
1109,6,1995,1996,3,2,773.0,773,1658,2,3,8,2.0,431.0,188000
1110,7,1976,1976,3,4,803.0,1098,1964,2,3,8,2.0,483.0,205000
1111,5,1957,1957,3,4,816.0,816,816,1,3,5,1.0,308.0,129900
1112,5,1953,2006,3,4,1008.0,1008,1008,1,2,6,1.0,240.0,134500
1113,5,1954,2000,3,4,833.0,833,833,1,2,4,1.0,326.0,117000
1114,8,2007,2007,2,0,1734.0,1734,1734,2,0,7,3.0,928.0,318000
1115,8,2002,2002,2,2,408.0,779,1419,2,2,7,2.0,527.0,184100
1116,5,1967,2003,3,4,894.0,894,894,1,2,5,2.0,450.0,130000
1117,5,1958,1987,3,4,533.0,1021,1601,1,3,6,1.0,300.0,140000
1118,5,1959,1959,3,4,1040.0,1040,1040,1,3,6,1.0,286.0,133700
1119,6,1920,1950,3,4,1012.0,1012,1012,1,3,6,1.0,308.0,118400
1120,7,2005,2006,2,2,1552.0,1552,1552,2,2,7,3.0,782.0,212900
1121,4,1956,1956,3,4,672.0,960,960,1,3,5,1.0,288.0,112000
1122,5,1947,2008,3,4,698.0,698,698,1,3,4,0.0,0.0,118000
1123,7,1992,1992,3,2,384.0,812,1482,2,2,7,2.0,392.0,163900
1124,4,1955,1955,3,4,1005.0,1005,1005,1,1,5,2.0,672.0,115000
1125,7,2007,2007,2,2,1373.0,1555,1555,2,2,7,3.0,660.0,174000
1126,7,2004,2004,2,2,1530.0,1530,1530,2,2,7,3.0,630.0,259000
1127,7,2004,2005,2,2,847.0,847,1959,2,2,8,2.0,434.0,215000
1128,5,1980,1980,3,2,936.0,936,936,1,3,4,2.0,672.0,140000
1129,4,1928,1950,3,4,1122.0,1328,1981,2,2,7,2.0,576.0,135000
1130,5,1991,1992,3,2,974.0,974,974,1,3,5,0.0,0.0,93500
1131,6,1880,1950,3,4,1008.0,1178,2210,2,1,8,1.0,205.0,117500
1132,8,1995,1995,2,2,1128.0,1142,2020,2,2,8,2.0,466.0,239500
1133,6,1997,1997,3,2,916.0,916,1600,2,3,7,2.0,460.0,169000
1134,6,1926,1950,3,4,960.0,986,986,1,3,5,1.0,180.0,102000
1135,6,1950,1950,3,4,1032.0,1032,1252,1,3,6,1.0,288.0,119000
1136,5,1875,1996,3,4,780.0,780,1020,1,3,6,0.0,0.0,94000
1137,6,1977,1977,3,4,1567.0,1567,1567,2,2,5,2.0,714.0,196000
1138,5,1920,1950,3,4,915.0,1167,1167,1,3,6,2.0,495.0,144000
1139,5,1951,1951,3,4,952.0,952,952,1,3,4,2.0,840.0,139000
1140,5,1976,1976,3,4,780.0,1088,1868,2,2,9,2.0,484.0,197500
1141,8,2006,2007,2,0,1466.0,1466,2828,3,2,11,3.0,1052.0,424870
1142,5,1959,1959,3,4,1006.0,1006,1006,1,3,5,0.0,0.0,80000
1143,4,1941,1950,3,2,672.0,672,924,1,1,5,1.0,280.0,80000
1144,5,1928,1950,3,4,1042.0,1042,1576,1,3,8,1.0,225.0,149000
1145,6,1985,1985,2,2,1298.0,1298,1298,2,2,5,2.0,403.0,180000
1146,7,1941,1950,3,4,704.0,860,1564,1,1,7,1.0,234.0,174500
1147,7,1926,1950,3,4,572.0,572,1111,1,3,5,1.0,288.0,116900
1148,7,1920,1988,3,4,650.0,832,1482,1,3,7,2.0,324.0,143000
1149,6,1950,1950,3,4,932.0,932,932,1,2,4,1.0,306.0,124000
1150,5,1959,1959,3,4,1466.0,1466,1466,1,1,6,2.0,528.0,149900
1151,6,1956,2004,3,4,1073.0,1811,1811,1,0,6,2.0,470.0,230000
1152,6,1930,2007,2,4,816.0,816,816,1,3,5,1.0,432.0,120500
1153,7,1965,1988,3,4,864.0,902,1820,1,2,8,2.0,492.0,201800
1154,5,1976,2004,2,2,1437.0,1437,1437,2,2,6,2.0,528.0,218000
1155,5,1965,1999,3,4,1219.0,1265,1265,2,2,6,2.0,502.0,179900
1156,7,2007,2008,2,2,1314.0,1314,1314,2,2,6,2.0,626.0,230000
1157,8,2007,2008,2,2,1580.0,1580,1580,2,2,7,3.0,830.0,235128
1158,6,1974,1974,2,4,901.0,943,1876,2,2,8,2.0,540.0,185000
1159,6,1978,1978,3,2,855.0,855,1456,2,3,7,2.0,440.0,146000
1160,6,1954,2006,2,4,1296.0,1640,1640,1,2,7,2.0,924.0,224000
1161,5,1968,1968,3,2,894.0,894,894,1,3,5,2.0,450.0,129000
1162,4,1969,1969,3,2,1198.0,1258,1258,0,3,6,2.0,400.0,108959
1163,5,1978,1978,3,2,1360.0,1432,1432,1,2,5,2.0,588.0,194000
1164,7,2009,2009,2,2,1502.0,1502,1502,2,2,7,2.0,644.0,233170
1165,8,2008,2008,2,2,1694.0,1694,1694,2,2,7,3.0,776.0,245350
1166,6,2000,2000,3,2,959.0,959,1671,2,3,7,2.0,472.0,173000
1167,6,1935,1986,3,4,1127.0,1236,2108,2,2,7,2.0,540.0,235000
1168,10,1995,1996,2,0,1930.0,1831,3627,3,2,10,3.0,807.0,625000
1169,6,1977,1977,3,4,1096.0,1118,1118,1,3,6,1.0,358.0,171000
1170,6,1958,1958,3,4,1261.0,1261,1261,1,3,6,2.0,433.0,163000
1171,7,2006,2007,2,2,625.0,625,1250,2,2,5,2.0,625.0,171900
1172,5,1946,1994,3,4,1598.0,1636,3086,3,0,12,0.0,0.0,200500
1173,6,1932,1950,3,2,952.0,1170,2345,2,3,9,2.0,360.0,239000
1174,8,1992,2000,2,2,1683.0,2129,2872,2,2,9,2.0,541.0,285000
1175,5,1984,1985,3,4,876.0,923,923,1,3,5,1.0,264.0,119500
1176,6,1926,2004,3,4,818.0,818,1224,1,3,5,1.0,210.0,115000
1177,5,1921,1950,3,4,731.0,820,1343,1,3,7,1.0,186.0,154900
1178,5,1954,1954,3,3,0.0,1124,1124,1,3,5,0.0,0.0,93000
1179,7,1990,1991,3,2,1216.0,1298,2514,2,3,8,2.0,693.0,250000
1180,8,2008,2008,0,0,1600.0,1652,1652,2,2,5,2.0,482.0,392500
1181,10,1996,1996,2,0,2396.0,2411,4476,3,0,10,3.0,813.0,745000
1182,5,1920,1950,3,4,1120.0,1130,1130,1,3,5,2.0,720.0,120000
1183,5,1963,1963,3,4,1572.0,1572,1572,1,3,5,3.0,995.0,186700
1184,5,1924,1950,3,4,784.0,949,1221,1,3,7,1.0,392.0,104900
1185,3,1900,1970,3,1,978.0,1014,1699,2,3,7,2.0,420.0,95000
1186,8,1994,1995,2,2,1624.0,1624,1624,2,2,5,3.0,757.0,262000
1187,7,2002,2002,2,2,831.0,831,1660,2,2,7,2.0,493.0,195000
1188,7,1999,1999,3,4,994.0,1028,1804,2,2,7,2.0,442.0,189000
1189,4,1961,1975,3,4,1249.0,1622,1622,1,3,7,4.0,1356.0,168000
1190,8,1999,2000,2,2,776.0,764,1441,2,2,5,2.0,492.0,174000
1191,5,1925,1994,3,4,702.0,842,1472,1,2,6,1.0,250.0,125000
1192,6,1999,1999,3,0,1224.0,1224,1224,2,3,5,2.0,402.0,165000
1193,6,1969,1969,3,4,663.0,663,1352,1,3,7,1.0,299.0,158000
1194,6,2005,2005,3,2,728.0,728,1456,2,2,8,2.0,400.0,176000
1195,7,2006,2006,2,2,879.0,879,1863,2,2,9,3.0,660.0,219210
1196,7,1916,1950,3,4,815.0,815,1690,1,3,7,1.0,225.0,144000
1197,7,2001,2001,2,2,1212.0,1212,1212,2,2,6,2.0,573.0,178000
1198,4,1963,1979,3,4,1051.0,1382,1382,1,3,6,2.0,459.0,148000
1199,4,1970,1970,3,4,864.0,864,864,1,3,5,1.0,280.0,116050
1200,7,1998,1998,3,2,866.0,866,1779,2,2,6,2.0,546.0,197900
1201,5,1925,1997,3,4,884.0,884,1348,1,3,5,1.0,216.0,117000
1202,7,2000,2001,2,2,1630.0,1630,1630,2,2,6,2.0,451.0,213000
1203,5,1975,1975,3,2,1056.0,1074,1074,1,3,6,2.0,495.0,153500
1204,7,1990,1991,2,2,2158.0,2196,2196,2,2,7,3.0,701.0,271900
1205,4,1966,1966,3,4,1056.0,1056,1056,1,3,5,1.0,384.0,107000
1206,6,2003,2003,2,2,1682.0,1700,1700,2,2,7,2.0,544.0,200000
1207,5,1962,1980,3,4,931.0,1283,1283,1,3,6,2.0,506.0,140000
1208,8,2006,2006,2,0,1660.0,1660,1660,2,2,8,2.0,500.0,290000
1209,6,1992,1992,2,2,1055.0,1055,1845,2,2,8,2.0,462.0,189000
1210,8,1988,2005,2,2,559.0,1080,1752,2,3,8,2.0,492.0,164000
1211,4,1941,1950,3,4,672.0,672,672,1,3,4,1.0,234.0,113000
1212,4,1965,2001,3,4,648.0,960,960,0,3,3,1.0,364.0,145000
1213,5,1962,1962,3,4,925.0,999,999,1,3,6,1.0,300.0,134500
1214,5,1966,1966,3,4,894.0,894,894,1,3,5,1.0,384.0,125000
1215,6,1978,1978,3,3,0.0,1318,1902,2,3,8,2.0,539.0,112000
1216,8,2009,2009,2,2,1300.0,1314,1314,2,2,6,2.0,552.0,229456
1217,4,1947,1950,3,3,0.0,672,912,1,3,3,0.0,0.0,80500
1218,6,1971,1971,3,4,672.0,672,1218,1,3,7,0.0,0.0,91500
1219,5,1964,1964,3,4,912.0,912,912,1,3,5,1.0,288.0,115000
1220,5,1968,1968,3,4,952.0,1211,1211,1,3,5,1.0,322.0,134000
1221,6,1949,1950,3,4,1040.0,1168,1846,2,3,7,1.0,315.0,143000
1222,5,1951,1951,3,4,2136.0,2136,2136,2,3,7,2.0,528.0,137900
1223,7,2004,2005,2,2,788.0,788,1490,2,2,8,2.0,388.0,184000
1224,6,1958,1958,3,4,588.0,1138,1138,1,3,6,1.0,264.0,145000
1225,6,2007,2007,2,2,894.0,894,1933,2,2,9,3.0,668.0,214000
1226,5,1965,2008,3,4,912.0,912,912,1,2,5,2.0,576.0,147000
1227,9,2008,2008,0,0,1702.0,1702,1702,1,0,7,3.0,1052.0,367294
1228,5,1960,1960,3,4,1075.0,1507,1507,2,3,7,1.0,404.0,127000
1229,5,1977,1977,3,2,1361.0,1361,2620,2,3,12,2.0,600.0,190000
1230,5,1962,1962,3,4,1106.0,1190,1190,1,3,6,2.0,540.0,132500
1231,4,1962,1962,3,3,0.0,1224,1224,2,3,6,2.0,462.0,101800
1232,5,1959,1959,3,4,1188.0,1188,1188,1,3,6,2.0,531.0,142000
1233,5,1911,1950,3,4,940.0,1024,1964,1,3,7,0.0,0.0,130000
1234,5,1914,1950,3,2,747.0,892,1784,1,3,9,1.0,180.0,138887
1235,7,2003,2003,2,2,764.0,764,1626,2,2,6,2.0,474.0,175500
1236,7,2004,2005,2,2,847.0,847,1948,2,2,8,2.0,434.0,195000
1237,6,2005,2005,2,2,1141.0,1141,1141,1,3,6,2.0,484.0,142500
1238,8,2006,2006,2,2,1476.0,1484,1484,2,0,6,2.0,472.0,265900
1239,7,2003,2003,2,2,884.0,884,1768,2,2,8,2.0,543.0,224900
1240,7,2007,2007,2,2,1689.0,1689,1689,2,2,7,3.0,954.0,248328
1241,7,1974,1974,3,2,1053.0,1173,1173,2,2,6,2.0,528.0,170000
1242,10,2006,2006,0,0,2076.0,2076,2076,2,0,7,3.0,850.0,465000
1243,8,1929,1950,3,2,792.0,792,1517,1,2,7,2.0,400.0,230000
1244,6,1984,2003,3,2,585.0,1140,1868,3,3,7,2.0,477.0,178000
1245,7,2005,2006,2,2,756.0,756,1553,2,2,6,2.0,615.0,186500
1246,6,1976,1976,3,4,1012.0,1034,1034,1,3,6,3.0,888.0,169900
1247,6,1917,1950,3,2,735.0,1134,2058,1,3,8,2.0,396.0,129500
1248,5,1950,1950,3,4,876.0,988,988,1,3,6,1.0,276.0,119000
1249,7,1968,1968,2,4,2110.0,2110,2110,2,0,8,2.0,522.0,244000
1250,7,2003,2003,2,2,1405.0,1405,1405,2,2,6,2.0,478.0,171750
1251,5,1968,1968,3,4,864.0,874,874,1,3,5,1.0,288.0,130000
1252,7,1974,2003,2,4,1192.0,1516,2167,2,2,9,2.0,518.0,294000
1253,7,2003,2004,2,2,746.0,760,1656,2,2,7,2.0,397.0,165400
1254,6,1931,1950,3,4,884.0,959,1367,1,3,6,1.0,560.0,127500
1255,8,1994,1994,2,2,1986.0,1987,1987,2,2,7,2.0,691.0,301500
1256,5,1922,1950,3,1,864.0,864,864,1,3,4,0.0,0.0,99900
1257,7,2005,2005,2,2,856.0,1166,1166,2,2,5,2.0,400.0,190000
1258,6,1969,1969,3,2,1054.0,1054,1054,1,3,6,2.0,460.0,151000
1259,6,1999,1999,3,2,841.0,892,1675,2,3,7,2.0,502.0,181000
1260,5,1956,1956,3,4,1050.0,1050,1050,1,3,5,1.0,338.0,128900
1261,4,1957,1989,3,4,1104.0,1104,1788,1,3,8,1.0,304.0,161500
1262,6,1919,1950,3,4,764.0,1060,1824,1,3,8,2.0,520.0,180500
1263,6,1998,1999,2,2,1405.0,1337,1337,2,2,5,2.0,511.0,181000
1264,7,1999,1999,2,2,691.0,713,1452,2,2,6,2.0,506.0,183900
1265,7,1910,1950,1,4,925.0,964,1889,1,3,9,1.0,308.0,122000
1266,9,2008,2009,0,0,2002.0,2018,2018,2,0,10,3.0,746.0,378500
1267,8,1935,1997,3,4,728.0,1968,3447,3,2,11,3.0,1014.0,381000
1268,5,1958,1958,3,4,874.0,874,1524,1,3,7,1.0,315.0,144000
1269,7,1979,1979,2,2,1332.0,1332,1524,0,2,4,2.0,586.0,260000
1270,6,1968,1968,3,4,1489.0,1489,1489,2,2,7,2.0,462.0,185750
1271,5,1965,1965,3,4,935.0,935,935,1,3,5,1.0,288.0,137000
1272,6,1959,2006,3,4,1019.0,1357,1357,1,0,5,1.0,312.0,177000
1273,5,1910,2003,3,4,661.0,661,1250,2,3,8,2.0,552.0,139000
1274,5,1948,1950,3,4,928.0,928,1920,2,3,10,2.0,400.0,137000
1275,6,1972,1972,3,4,723.0,735,1395,1,3,6,2.0,497.0,162000
1276,6,1967,1976,3,2,1680.0,1724,1724,1,3,7,2.0,480.0,197900
1277,8,2002,2002,2,2,1128.0,1128,2031,2,2,7,2.0,577.0,237000
1278,4,1920,1950,3,4,698.0,698,1128,1,3,6,2.0,528.0,68400
1279,7,2002,2002,2,2,1573.0,1573,1573,2,2,6,2.0,544.0,227000
1280,7,1990,1990,3,2,1309.0,1339,1339,2,3,6,2.0,484.0,180000
1281,5,1977,2008,3,2,1040.0,1040,1040,2,2,5,2.0,484.0,150500
1282,6,1971,1971,3,4,912.0,912,1824,2,3,8,0.0,0.0,139000
1283,6,1919,1990,3,4,804.0,1699,2447,2,2,10,1.0,336.0,169000
1284,6,1939,1950,3,4,780.0,825,1412,1,3,6,1.0,280.0,132500
1285,6,1963,1963,3,4,1328.0,1328,1328,1,3,6,2.0,528.0,143000
1286,5,1964,1964,3,4,1624.0,1582,1582,2,3,7,2.0,390.0,190000
1287,8,2000,2000,2,2,1501.0,1659,1659,2,0,5,2.0,499.0,278000
1288,8,2006,2006,2,2,1085.0,1120,1970,2,0,8,3.0,753.0,281000
1289,5,1964,1964,3,4,1152.0,1152,1152,1,3,6,2.0,484.0,180500
1290,5,1972,1972,3,4,630.0,630,1302,2,3,6,1.0,264.0,119500
1291,5,1892,1965,3,4,994.0,1378,2372,2,3,11,1.0,432.0,107500
1292,7,1976,1976,3,2,832.0,832,1664,2,3,8,2.0,528.0,162900
1293,5,1955,1990,3,4,864.0,864,864,1,3,5,2.0,572.0,115000
1294,5,1968,1968,3,4,1052.0,1052,1052,1,3,5,1.0,288.0,138500
1295,5,1963,1963,3,4,1120.0,1128,1128,2,3,6,2.0,525.0,155000
1296,6,2005,2006,3,2,547.0,1072,1072,2,3,5,2.0,525.0,140000
1297,5,1959,1994,3,4,1246.0,1246,1246,1,2,6,1.0,305.0,154000
1298,7,1999,1999,2,2,978.0,1005,1983,2,2,9,2.0,490.0,225000
1299,6,1942,1950,3,4,771.0,753,1494,1,2,7,1.0,213.0,177500
1300,8,1994,1994,2,2,1165.0,1203,2526,2,2,8,3.0,844.0,290000
1301,7,2005,2005,2,2,1616.0,1616,1616,2,2,7,3.0,834.0,232000
1302,7,2004,2004,2,2,976.0,976,1708,2,2,7,2.0,380.0,130000
1303,9,2006,2007,2,0,1652.0,1652,1652,2,0,6,2.0,840.0,325000
1304,7,2005,2006,2,2,1368.0,1368,1368,2,2,6,2.0,474.0,202500
1305,5,1994,1995,3,2,990.0,990,990,1,3,5,2.0,480.0,138000
1306,5,1948,2005,3,4,924.0,1122,1122,1,2,6,2.0,528.0,147000
1307,6,1991,1991,3,2,1278.0,1294,1294,2,2,6,2.0,496.0,179200
1308,7,1959,2002,2,2,1902.0,1902,1902,2,0,7,2.0,567.0,335000
1309,7,2005,2007,2,2,1274.0,1274,1274,2,2,6,2.0,508.0,203000
1310,8,1990,1990,2,0,1453.0,1453,2810,2,2,9,2.0,750.0,302000
1311,9,1999,1999,2,2,1393.0,1422,2599,2,2,10,3.0,779.0,333168
1312,4,1954,1954,3,4,948.0,948,948,1,3,5,1.0,280.0,119000
1313,6,1969,1969,3,1,952.0,1092,2112,2,3,9,2.0,576.0,206900
1314,8,2008,2008,2,0,1622.0,1630,1630,2,0,8,3.0,860.0,295493
1315,7,2006,2007,2,0,1352.0,1352,1352,2,2,5,2.0,466.0,208900
1316,8,2001,2002,2,2,1753.0,1787,1787,2,2,7,3.0,748.0,275000
1317,4,1954,1954,3,4,864.0,948,948,1,3,5,1.0,248.0,111000
1318,6,1957,1957,3,4,1478.0,1478,1478,1,3,6,2.0,442.0,156500
1319,3,1949,1950,3,3,0.0,720,720,1,3,4,1.0,287.0,72500
1320,7,1992,1992,2,2,750.0,1061,1923,2,2,8,2.0,564.0,190000
1321,4,1940,1950,1,4,420.0,708,708,1,1,5,0.0,0.0,82500
1322,8,2006,2007,2,0,1795.0,1795,1795,2,2,7,3.0,895.0,147000
1323,4,1922,1950,3,4,796.0,796,796,1,3,5,0.0,0.0,55000
1324,3,1931,2006,3,4,544.0,774,774,1,2,6,0.0,0.0,79000
1325,5,1982,2008,2,4,816.0,816,816,1,2,5,1.0,264.0,130500
1326,6,1920,1950,2,2,1510.0,1584,2792,2,3,8,2.0,520.0,256000
1327,7,1998,1998,3,2,935.0,955,1632,2,3,8,2.0,462.0,176500
1328,8,2006,2006,2,2,1588.0,1588,1588,2,2,7,3.0,825.0,227000
1329,5,1976,1976,3,4,911.0,954,954,1,3,6,2.0,576.0,132500
1330,4,1938,1958,3,4,816.0,816,816,1,3,3,1.0,288.0,100000
1331,5,1938,1995,3,4,803.0,803,1360,1,2,6,1.0,297.0,125500
1332,5,1970,1970,3,4,765.0,765,1365,1,3,7,2.0,440.0,125000
1333,6,1977,1977,3,2,1350.0,1334,1334,2,3,6,2.0,630.0,167900
1334,5,1973,1973,3,4,1656.0,1656,1656,2,3,8,2.0,506.0,135000
1335,4,1941,1950,3,4,693.0,693,693,1,1,4,0.0,0.0,52500
1336,7,2002,2002,2,2,916.0,920,1861,2,2,8,2.0,492.0,200000
1337,5,1972,1972,3,4,864.0,864,864,1,3,5,1.0,288.0,128500
1338,4,1971,1971,3,4,858.0,872,872,1,3,5,4.0,480.0,123000
1339,6,2003,2004,3,2,1114.0,1114,1114,1,2,6,2.0,576.0,155000
1340,8,2002,2002,2,2,1284.0,1284,2169,2,2,7,2.0,647.0,228500
1341,6,1928,1950,3,4,896.0,1172,1913,1,3,9,2.0,342.0,177000
1342,7,2006,2006,2,2,728.0,728,1456,2,2,8,2.0,440.0,155835
1343,4,1920,1950,3,4,960.0,960,960,1,1,5,1.0,308.0,108500
1344,7,1968,2003,3,4,1568.0,2156,2156,2,3,9,2.0,508.0,262500
1345,8,2006,2007,2,0,1732.0,1776,1776,2,2,7,3.0,712.0,283463
1346,7,1998,1998,2,2,1482.0,1494,1494,2,2,5,2.0,514.0,215000
1347,8,1872,1987,3,4,684.0,938,2358,2,3,8,0.0,0.0,122000
1348,5,1969,1969,3,4,1248.0,1338,2634,2,3,12,4.0,968.0,200000
1349,6,1962,1962,3,4,858.0,858,1716,1,3,8,2.0,490.0,171000
1350,6,1937,2000,2,4,698.0,786,1176,1,3,4,2.0,624.0,134900
1351,8,1995,1996,2,2,2033.0,2053,3238,2,2,9,3.0,666.0,410000
1352,7,2000,2000,2,2,992.0,992,1865,2,2,7,3.0,839.0,235000
1353,7,1968,1992,3,4,570.0,1222,1920,3,2,8,2.0,487.0,170000
1354,5,1966,1966,3,4,864.0,892,892,1,3,5,1.0,264.0,110000
1355,5,1971,2008,3,4,1078.0,1078,1078,1,3,6,2.0,500.0,149900
1356,6,2000,2000,2,2,756.0,769,1573,2,2,5,2.0,440.0,177500
1357,9,2004,2005,2,0,1980.0,1980,1980,2,0,8,3.0,770.0,315000
1358,5,1921,1998,3,4,612.0,990,2601,3,3,8,2.0,621.0,189000
1359,7,2005,2005,2,0,1530.0,1530,1530,2,2,7,2.0,430.0,260000
1360,4,1920,2007,3,4,715.0,1281,1738,2,3,7,1.0,368.0,104900
1361,6,2006,2007,3,2,616.0,616,1412,2,2,6,2.0,432.0,156932
1362,7,2005,2005,2,2,600.0,520,1200,2,2,4,2.0,480.0,144152
1363,7,2000,2000,2,2,814.0,814,1674,2,2,7,2.0,663.0,216000
1364,7,1999,1999,2,2,873.0,882,1790,2,2,7,2.0,588.0,193000
1365,5,1977,1977,3,4,757.0,925,1475,2,3,6,1.0,336.0,127000
1366,6,2003,2004,2,2,848.0,848,848,1,2,4,2.0,420.0,144000
1367,8,2003,2003,2,2,1657.0,1668,1668,2,2,8,2.0,502.0,232000
1368,4,1920,1950,1,4,840.0,840,1374,1,3,6,1.0,338.0,105000
1369,6,1955,1996,3,4,992.0,1661,1661,1,2,8,1.0,377.0,165500
1370,7,1998,1998,3,2,1108.0,1108,2097,2,2,8,2.0,583.0,274300
1371,10,2001,2002,0,0,2633.0,2633,2633,2,0,8,3.0,804.0,466500
1372,7,2005,2005,2,2,1026.0,1026,1958,2,2,9,3.0,936.0,250000
1373,8,2007,2007,2,2,1571.0,1571,1571,2,2,7,3.0,722.0,239000
1374,6,1930,1950,3,2,768.0,790,790,1,3,4,1.0,160.0,91000
1375,5,1941,1960,3,4,984.0,984,1604,2,3,6,2.0,660.0,117000
1376,6,1973,1973,3,4,483.0,483,987,1,3,5,1.0,264.0,83000
1377,5,2006,2007,3,2,384.0,754,1394,2,2,7,2.0,400.0,167500
1378,3,1914,1950,3,4,864.0,864,864,1,3,5,1.0,200.0,58500
1379,6,1970,1970,3,4,1205.0,2117,2117,2,3,7,2.0,550.0,237500
1380,7,1920,1950,3,1,596.0,998,1762,1,2,8,2.0,576.0,157000
1381,5,1918,2007,3,4,816.0,1416,1416,2,2,7,2.0,576.0,112000
1382,6,1939,1950,3,4,560.0,698,1258,1,3,6,1.0,280.0,105000
1383,4,1922,2007,3,4,796.0,796,1154,1,2,7,1.0,240.0,125500
1384,7,1978,1978,3,2,1392.0,1392,2784,3,2,12,2.0,564.0,250000
1385,6,1916,1950,3,4,714.0,1664,2526,2,2,10,1.0,216.0,136000
1386,9,2006,2007,0,0,1746.0,1746,1746,2,0,7,3.0,758.0,377500
1387,6,1941,1950,3,4,735.0,869,1218,1,3,6,2.0,440.0,131000
1388,7,2000,2000,2,2,1525.0,1525,1525,2,2,6,2.0,541.0,235000
1389,5,1967,1967,3,4,1584.0,1584,1584,2,3,8,3.0,792.0,124000
1390,5,1967,1967,3,4,864.0,900,900,1,3,6,1.0,288.0,123000
1391,6,1905,2000,3,1,482.0,1221,1912,2,3,7,2.0,672.0,163000
1392,7,2006,2006,2,2,1356.0,1500,1500,2,2,6,3.0,648.0,246578
1393,8,2005,2006,2,2,1094.0,1133,2482,2,2,9,3.0,642.0,281213
1394,5,1948,1950,3,4,747.0,1687,1687,1,3,7,2.0,572.0,160000
1395,5,1920,2004,3,4,939.0,939,1513,1,3,8,1.0,180.0,137500
1396,5,1950,1982,3,4,1208.0,1136,1904,1,3,7,1.0,240.0,138000
1397,6,1925,1990,3,4,976.0,1160,1608,2,2,7,1.0,216.0,137450
1398,6,1929,1950,3,4,862.0,950,1158,1,3,5,1.0,208.0,120000
1399,6,2004,2004,3,4,839.0,864,1593,2,3,8,2.0,398.0,193000
1400,7,2006,2006,2,2,1286.0,1294,1294,2,2,6,2.0,662.0,193879
1401,8,2007,2007,2,2,1485.0,1464,1464,2,2,6,3.0,754.0,282922
1402,3,1915,1950,3,4,672.0,694,1214,1,3,6,3.0,936.0,105000
1403,8,2004,2005,2,0,1594.0,1646,1646,2,2,5,2.0,482.0,275000
1404,5,1972,2007,3,2,768.0,768,768,1,3,5,2.0,396.0,133000
1405,5,1985,1985,3,4,833.0,833,833,1,3,5,0.0,0.0,112000
1406,4,1910,1950,3,1,622.0,741,1363,1,3,6,2.0,528.0,125500
1407,7,1986,1991,3,2,791.0,1236,2093,2,3,7,2.0,542.0,215000
1408,7,2001,2001,2,2,944.0,944,1840,2,2,6,2.0,622.0,230000
1409,6,1950,2005,3,4,856.0,1112,1668,1,3,6,1.0,271.0,140000
1410,4,1949,1950,3,3,0.0,1040,1040,2,3,6,2.0,420.0,90000
1411,8,2005,2006,2,2,1844.0,1844,1844,2,2,7,2.0,620.0,257000
1412,6,1923,2000,3,4,833.0,1053,1848,1,2,8,2.0,370.0,207000
1413,7,2007,2007,2,2,1386.0,1569,1569,2,2,7,3.0,660.0,175900
1414,4,1885,1950,3,4,777.0,1246,2290,2,3,11,2.0,560.0,122500
1415,8,1998,1998,2,2,1284.0,1310,2450,2,2,7,3.0,1069.0,340000
1416,5,1963,1963,3,4,1144.0,1144,1144,1,3,6,1.0,336.0,124000
1417,6,1969,1969,2,4,1844.0,1844,1844,2,2,7,2.0,540.0,223000
1418,6,1968,1968,3,4,708.0,708,1416,2,3,7,2.0,776.0,179900
1419,6,1977,1977,3,2,1069.0,1069,1069,2,3,4,2.0,440.0,127500
1420,6,2003,2003,2,2,848.0,848,848,1,2,3,2.0,420.0,136500
1421,6,1966,1966,2,2,697.0,1575,2201,2,2,8,2.0,432.0,274970
1422,5,1958,1983,3,4,1024.0,1344,1344,1,3,6,1.0,484.0,144000
1423,6,1959,1959,2,4,1252.0,1252,1252,1,2,7,2.0,528.0,142000
1424,7,1994,1994,2,2,1223.0,1223,2127,2,2,5,2.0,525.0,271000
1425,5,1945,1950,3,4,913.0,1048,1558,1,3,6,1.0,288.0,140000
1426,5,1940,1992,3,4,788.0,804,804,1,2,4,1.0,240.0,119000
1427,6,1981,1981,2,2,1440.0,1440,1440,2,2,7,2.0,467.0,182900
1428,5,2005,2005,2,2,732.0,734,1838,2,3,7,2.0,372.0,192140
1429,6,1976,1976,3,2,958.0,958,958,2,3,5,2.0,440.0,143750
1430,4,1927,2007,3,4,656.0,968,968,2,3,5,1.0,216.0,64500
1431,6,2000,2000,3,2,936.0,962,1792,2,3,8,2.0,451.0,186500
1432,5,1977,1977,3,4,1126.0,1126,1126,2,3,5,2.0,484.0,160000
1433,6,1962,2005,2,4,1319.0,1537,1537,1,2,7,2.0,462.0,174000
1434,4,1971,1971,3,4,864.0,864,864,1,3,5,2.0,528.0,120500
1435,8,2008,2008,0,0,1932.0,1932,1932,2,0,7,3.0,774.0,394617
1436,6,1957,1996,3,4,912.0,1236,1236,1,3,6,2.0,923.0,149700
1437,7,1979,1979,3,4,539.0,1040,1725,2,3,6,2.0,550.0,197000
1438,6,1922,1994,3,0,588.0,1423,2555,2,3,11,2.0,672.0,191000
1439,6,2004,2004,2,2,848.0,848,848,1,2,3,2.0,420.0,149300
1440,10,2008,2008,0,0,1017.0,1026,2007,2,0,10,3.0,812.0,310000
1441,6,1916,1950,3,4,952.0,952,952,1,1,4,1.0,192.0,121000
1442,7,2004,2004,2,2,1422.0,1422,1422,2,2,7,2.0,626.0,179600
1443,6,1966,1966,3,4,814.0,913,913,1,3,6,1.0,240.0,129000
1444,5,1962,1962,3,4,1188.0,1188,1188,1,3,6,1.0,312.0,157900
1445,8,1995,1996,2,2,1220.0,1220,2090,2,2,8,2.0,556.0,240000
1446,4,1910,2000,3,1,560.0,796,1346,1,3,6,1.0,384.0,112000
1447,5,1970,1970,3,2,630.0,630,630,1,0,3,0.0,0.0,92000
1448,5,1974,1974,3,2,896.0,896,1792,2,3,8,0.0,0.0,136000
1449,8,2008,2009,2,2,1573.0,1578,1578,2,0,7,3.0,840.0,287090
1450,5,2005,2005,3,2,547.0,1072,1072,1,3,5,2.0,525.0,145000
1451,5,2006,2006,3,2,1140.0,1140,1140,1,3,6,0.0,0.0,84500
1452,7,2004,2005,2,2,1221.0,1221,1221,2,2,6,2.0,400.0,185000
1453,6,1999,2000,3,2,953.0,953,1647,2,3,7,2.0,460.0,175000
1454,6,1978,1988,3,2,1542.0,2073,2073,2,3,7,2.0,500.0,210000
1455,7,1941,2006,0,4,1152.0,1188,2340,2,2,9,1.0,252.0,266500
1456,5,1950,1996,3,4,1078.0,1078,1078,1,2,5,1.0,240.0,142125
1457,5,1965,1965,2,4,1256.0,1256,1256,1,3,6,1.0,276.0,147500
